year,stateabbr,statedesc,locationname,locationid,totalpopulation,indicator_count,indicator_completeness,health_burden_score,burden_rank,burden_percentile,burden_category,high_burden_flag,very_high_burden_flag,priority_flag
2023,SD,South Dakota,Oglala Lakota,46102,13434,11,1.0,3.591987579071729,1.0,100.0,Very High,True,True,True
2023,SD,South Dakota,Todd,46121,9199,11,1.0,3.334740947028234,2.0,99.96617050067658,Very High,True,True,True
2023,LA,Louisiana,East Carroll,22035,6829,11,1.0,3.16297839622122,3.0,99.93234100135318,Very High,True,True,True
2023,TN,Tennessee,Lake,47095,6347,11,1.0,2.7473138278883984,4.0,99.89851150202978,Very High,True,True,True
2023,AK,Alaska,Kusilvak,2158,8001,11,1.0,2.739373134949425,5.0,99.86468200270636,Very High,True,True,True
2023,LA,Louisiana,Madison,22065,9246,11,1.0,2.72205562151747,6.0,99.83085250338294,Very High,True,True,True
2023,AL,Alabama,Bullock,1011,9897,11,1.0,2.702222365794914,7.0,99.79702300405954,Very High,True,True,True
2023,WV,West Virginia,McDowell,54047,17439,11,1.0,2.702202630034302,8.0,99.76319350473612,Very High,True,True,True
2023,ND,North Dakota,Sioux,38085,3643,11,1.0,2.620722960540378,9.0,99.72936400541272,Very High,True,True,True
2023,MS,Mississippi,Humphreys,28053,7216,11,1.0,2.603350351043934,10.0,99.69553450608932,Very High,True,True,True
2023,AL,Alabama,Greene,1063,7341,11,1.0,2.584462670212301,11.0,99.6617050067659,Very High,True,True,True
2023,TN,Tennessee,Hancock,47067,6956,11,1.0,2.545186129519943,12.0,99.62787550744248,Very High,True,True,True
2023,LA,Louisiana,Claiborne,22027,13670,11,1.0,2.5074514743486747,13.0,99.59404600811908,Very High,True,True,True
2023,AL,Alabama,Perry,1105,7738,11,1.0,2.4940697748020666,14.0,99.56021650879568,Very High,True,True,True
2023,TX,Texas,Dimmit,48127,8257,11,1.0,2.483934291427307,15.0,99.52638700947226,Very High,True,True,True
2023,WV,West Virginia,Mingo,54059,22023,11,1.0,2.449209241583722,16.0,99.49255751014886,Very High,True,True,True
2023,MS,Mississippi,Holmes,28051,15777,11,1.0,2.43043039082877,17.0,99.45872801082544,Very High,True,True,True
2023,TX,Texas,Zavala,48507,9312,11,1.0,2.3505609519995443,18.0,99.42489851150202,Very High,True,True,True
2023,MS,Mississippi,Tunica,28143,9234,11,1.0,2.337898689025859,19.0,99.39106901217862,Very High,True,True,True
2023,MS,Mississippi,Sharkey,28125,3336,11,1.0,2.2997143957382646,20.0,99.35723951285522,Very High,True,True,True
2023,MS,Mississippi,Quitman,28119,5546,11,1.0,2.293205270468889,21.0,99.3234100135318,Very High,True,True,True
2023,LA,Louisiana,Tensas,22107,3764,11,1.0,2.26629772493077,22.0,99.28958051420838,Very High,True,True,True
2023,AL,Alabama,Wilcox,1131,9944,11,1.0,2.2213081457511565,23.0,99.25575101488498,Very High,True,True,True
2023,AR,Arkansas,Desha,5041,10479,11,1.0,2.196237413656435,24.0,99.22192151556158,Very High,True,True,True
2023,SD,South Dakota,Mellette,46095,1851,11,1.0,2.1672736261507906,25.0,99.18809201623816,Very High,True,True,True
2023,AL,Alabama,Lowndes,1085,9717,11,1.0,2.152553879780417,26.0,99.15426251691474,Very High,True,True,True
2023,LA,Louisiana,Bienville,22013,12366,11,1.0,2.145516107223351,27.0,99.12043301759134,Very High,True,True,True
2023,MS,Mississippi,Jefferson,28063,6941,11,1.0,2.115142628991232,28.0,99.08660351826794,Very High,True,True,True
2023,TX,Texas,Starr,48427,65934,11,1.0,2.114656143321268,29.0,99.05277401894452,Very High,True,True,True
2023,SD,South Dakota,Buffalo,46017,1884,11,1.0,2.1108329537959154,30.0,99.01894451962112,Very High,True,True,True
2023,AR,Arkansas,Phillips,5107,14961,11,1.0,2.0748343587703983,31.0,98.9851150202977,Very High,True,True,True
2023,SD,South Dakota,Corson,46031,3782,11,1.0,2.0585351393193494,32.0,98.95128552097428,Very High,True,True,True
2023,GA,Georgia,Randolph,13243,6078,11,1.0,2.040564182634078,33.0,98.91745602165088,Very High,True,True,True
2023,TX,Texas,Jim Hogg,48247,4720,11,1.0,2.038627422836804,34.0,98.88362652232748,Very High,True,True,True
2023,TX,Texas,Zapata,48505,13736,11,1.0,2.037754334107726,35.0,98.84979702300406,Very High,True,True,True
2023,SD,South Dakota,Ziebach,46137,2322,11,1.0,2.0305099956669737,36.0,98.81596752368064,Very High,True,True,True
2023,WV,West Virginia,Calhoun,54013,5959,11,1.0,2.025206965036076,37.0,98.78213802435724,Very High,True,True,True
2023,MS,Mississippi,Coahoma,28027,20077,11,1.0,1.9930120330070376,38.0,98.74830852503383,Very High,True,True,True
2023,MS,Mississippi,Yazoo,28163,25796,11,1.0,1.9897922877297205,39.0,98.71447902571042,Very High,True,True,True
2023,AR,Arkansas,Lee,5077,8201,11,1.0,1.9710272090054968,40.0,98.680649526387,Very High,True,True,True
2023,MS,Mississippi,Claiborne,28021,8617,11,1.0,1.9571374102436716,41.0,98.6468200270636,Very High,True,True,True
2023,NM,New Mexico,McKinley,35031,68797,11,1.0,1.9478899203515017,42.0,98.61299052774018,Very High,True,True,True
2023,LA,Louisiana,Concordia,22029,17688,11,1.0,1.9291363550564016,43.0,98.57916102841678,Very High,True,True,True
2023,MS,Mississippi,Issaquena,28055,1256,11,1.0,1.92222063941584,44.0,98.54533152909336,Very High,True,True,True
2023,LA,Louisiana,Morehouse,22067,23955,11,1.0,1.9138600262020655,45.0,98.51150202976996,Very High,True,True,True
2023,TN,Tennessee,Scott,47151,22171,11,1.0,1.9126069840206936,46.0,98.47767253044654,Very High,True,True,True
2023,TN,Tennessee,Haywood,47075,17328,11,1.0,1.87766934057442,47.0,98.44384303112314,Very High,True,True,True
2023,WV,West Virginia,Logan,54045,30827,11,1.0,1.8745601641193343,48.0,98.41001353179972,Very High,True,True,True
2023,GA,Georgia,Macon,13193,11817,11,1.0,1.8687683483082689,49.0,98.37618403247632,Very High,True,True,True
2023,WV,West Virginia,Wyoming,54109,20277,11,1.0,1.840488679015713,50.0,98.34235453315291,Very High,True,True,True
2023,AR,Arkansas,Lafayette,5073,6095,11,1.0,1.8348991750825996,51.0,98.3085250338295,Very High,True,True,True
2023,MS,Mississippi,Sunflower,28133,24468,11,1.0,1.826670221113139,52.0,98.27469553450608,Very High,True,True,True
2023,GA,Georgia,Telfair,13271,10920,11,1.0,1.8065262528108563,53.0,98.24086603518268,Very High,True,True,True
2023,AR,Arkansas,St. Francis,5123,22101,11,1.0,1.7915594439648337,54.0,98.20703653585927,Very High,True,True,True
2023,WV,West Virginia,Lincoln,54043,19701,11,1.0,1.791153028323576,55.0,98.17320703653586,Very High,True,True,True
2023,SD,South Dakota,Jackson,46071,2776,11,1.0,1.787931859928362,56.0,98.13937753721244,Very High,True,True,True
2023,GA,Georgia,Hancock,13141,8676,11,1.0,1.7829974351820252,57.0,98.10554803788904,Very High,True,True,True
2023,WV,West Virginia,Webster,54101,8045,11,1.0,1.7829971837195806,58.0,98.07171853856563,Very High,True,True,True
2023,MO,Missouri,Pemiscot,29155,14613,11,1.0,1.7800614905351024,59.0,98.03788903924222,Very High,True,True,True
2023,OK,Oklahoma,Adair,40001,19627,11,1.0,1.778420180951033,60.0,98.0040595399188,Very High,True,True,True
2023,GA,Georgia,Atkinson,13003,8293,11,1.0,1.7756765374936363,61.0,97.9702300405954,Very High,True,True,True
2023,MS,Mississippi,Leflore,28083,26378,11,1.0,1.768307676093361,62.0,97.93640054127198,Very High,True,True,True
2023,LA,Louisiana,Red River,22081,7356,11,1.0,1.7652448604405426,63.0,97.90257104194858,Very High,True,True,True
2023,MS,Mississippi,Noxubee,28103,9914,11,1.0,1.7506959779960949,64.0,97.86874154262516,Very High,True,True,True
2023,NC,North Carolina,Robeson,37155,117365,11,1.0,1.7492685555577303,65.0,97.83491204330176,Very High,True,True,True
2023,WV,West Virginia,Roane,54087,13743,11,1.0,1.7478606950827411,66.0,97.80108254397834,Very High,True,True,True
2023,LA,Louisiana,Webster,22119,35238,11,1.0,1.7449692898444764,67.0,97.76725304465494,Very High,True,True,True
2023,SD,South Dakota,Dewey,46041,5208,11,1.0,1.7384873901168965,68.0,97.73342354533152,Very High,True,True,True
2023,LA,Louisiana,Avoyelles,22009,38408,11,1.0,1.732703930048994,69.0,97.69959404600812,Very High,True,True,True
2023,TX,Texas,Cochran,48079,2509,11,1.0,1.731948657793359,70.0,97.66576454668473,Very High,True,True,True
2023,WV,West Virginia,Clay,54015,7783,11,1.0,1.7256934556707095,71.0,97.6319350473613,Very High,True,True,True
2023,TX,Texas,Willacy,48489,20037,11,1.0,1.7141355965023144,72.0,97.59810554803788,Very High,True,True,True
2023,TX,Texas,San Augustine,48405,7833,11,1.0,1.7089263492197342,73.0,97.56427604871448,Very High,True,True,True
2023,SC,South Carolina,Dillon,45033,27698,11,1.0,1.6875381763307231,74.0,97.53044654939109,Very High,True,True,True
2023,TN,Tennessee,Lauderdale,47097,24610,11,1.0,1.680667523384927,75.0,97.49661705006766,Very High,True,True,True
2023,WV,West Virginia,Braxton,54007,12162,11,1.0,1.6753599097858125,76.0,97.46278755074424,Very High,True,True,True
2023,MS,Mississippi,Bolivar,28011,28968,11,1.0,1.6744607708194996,77.0,97.42895805142084,Very High,True,True,True
2023,AL,Alabama,Conecuh,1035,11174,11,1.0,1.6582885430700147,78.0,97.39512855209745,Very High,True,True,True
2023,LA,Louisiana,Franklin,22041,19285,11,1.0,1.652494529022904,79.0,97.36129905277402,Very High,True,True,True
2023,GA,Georgia,Stewart,13259,4674,11,1.0,1.6501461608342785,80.0,97.3274695534506,Very High,True,True,True
2023,AL,Alabama,Dallas,1047,36165,11,1.0,1.643727217728466,81.0,97.2936400541272,Very High,True,True,True
2023,SD,South Dakota,Bennett,46007,3305,11,1.0,1.643449265419472,82.0,97.2598105548038,Very High,True,True,True
2023,GA,Georgia,Terrell,13273,8718,11,1.0,1.6372949766615987,83.0,97.22598105548036,Very High,True,True,True
2023,AR,Arkansas,Chicot,5017,9538,11,1.0,1.6365053392041835,84.0,97.19215155615696,Very High,True,True,True
2023,AK,Alaska,Bethel,2050,18224,11,1.0,1.632745819680868,85.0,97.15832205683355,Very High,True,True,True
2023,MS,Mississippi,Washington,28151,41946,11,1.0,1.6223027529102736,86.0,97.12449255751014,Very High,True,True,True
2023,GA,Georgia,Treutlen,13283,6341,11,1.0,1.6212059906926286,87.0,97.09066305818676,Very High,True,True,True
2023,LA,Louisiana,St. Helena,22091,10774,11,1.0,1.6153767597302406,88.0,97.05683355886332,Very High,True,True,True
2023,SC,South Carolina,Marlboro,45069,25704,11,1.0,1.609773090693586,89.0,97.02300405953991,Very High,True,True,True
2023,SC,South Carolina,Marion,45067,28508,11,1.0,1.5970588309003817,90.0,96.98917456021653,Very High,True,True,True
2023,OK,Oklahoma,Okfuskee,40107,11300,11,1.0,1.585771280266152,91.0,96.9553450608931,Very High,True,True,True
2023,TN,Tennessee,Bledsoe,47007,15060,11,1.0,1.582566529387914,92.0,96.92151556156968,Very High,True,True,True
2023,MS,Mississippi,Wilkinson,28157,8058,11,1.0,1.5781266404364591,93.0,96.88768606224627,Very High,True,True,True
2023,MO,Missouri,Mississippi,29133,11822,11,1.0,1.5769667033864307,94.0,96.85385656292289,Very High,True,True,True
2023,LA,Louisiana,Evangeline,22039,31754,11,1.0,1.562567759445122,95.0,96.82002706359944,Very High,True,True,True
2023,AL,Alabama,Sumter,1119,11727,11,1.0,1.5620582783208052,96.0,96.78619756427604,Very High,True,True,True
2023,SC,South Carolina,Allendale,45005,7369,11,1.0,1.5555020226397729,97.0,96.75236806495263,Very High,True,True,True
2023,GA,Georgia,Taylor,13269,7758,11,1.0,1.5542528157866604,98.0,96.71853856562925,Very High,True,True,True
2023,WV,West Virginia,Summers,54089,11581,11,1.0,1.5511855078345678,99.0,96.6847090663058,Very High,True,True,True
2023,LA,Louisiana,St. Landry,22097,81464,11,1.0,1.5349559768146803,100.0,96.6508795669824,Very High,True,True,True
2023,TN,Tennessee,Pickett,47137,5128,11,1.0,1.527852001562796,101.0,96.617050067659,Very High,True,True,True
2023,MT,Montana,Glacier,30035,13609,11,1.0,1.5265176780177063,102.0,96.5832205683356,Very High,True,True,True
2023,MS,Mississippi,Tallahatchie,28135,11837,11,1.0,1.5112409307123746,103.0,96.54939106901216,Very High,True,True,True
2023,GA,Georgia,Jenkins,13165,8627,11,1.0,1.510318095867983,104.0,96.51556156968876,Very High,True,True,True
2023,TX,Texas,Hudspeth,48229,3451,11,1.0,1.4998253871866751,105.0,96.48173207036535,Very High,True,True,True
2023,LA,Louisiana,Catahoula,22025,8414,11,1.0,1.4968296015279172,106.0,96.44790257104194,Very High,True,True,True
2023,TN,Tennessee,Decatur,47039,11656,11,1.0,1.4877843028484887,107.0,96.41407307171856,Very High,True,True,True
2023,AR,Arkansas,Ashley,5003,18262,11,1.0,1.4781977673719886,108.0,96.38024357239512,Very High,True,True,True
2023,TX,Texas,Newton,48351,12039,11,1.0,1.4766851151852045,109.0,96.34641407307171,Very High,True,True,True
2023,AL,Alabama,Barbour,1005,24585,11,1.0,1.4761053695576911,110.0,96.31258457374832,Very High,True,True,True
2023,MO,Missouri,Dunklin,29069,27032,11,1.0,1.4731422413774609,111.0,96.2787550744249,Very High,True,True,True
2023,OK,Oklahoma,Coal,40029,5266,11,1.0,1.4730977384268051,112.0,96.24492557510148,Very High,True,True,True
2023,WV,West Virginia,Barbour,54001,15378,11,1.0,1.472721968244319,113.0,96.21109607577807,Very High,True,True,True
2023,WV,West Virginia,Ritchie,54085,8167,11,1.0,1.464245437238073,114.0,96.17726657645468,Very High,True,True,True
2023,GA,Georgia,Baker,13007,2743,11,1.0,1.4532808344870902,115.0,96.14343707713124,Very High,True,True,True
2023,TN,Tennessee,Grundy,47061,13955,11,1.0,1.4531139914688964,116.0,96.10960757780784,Very High,True,True,True
2023,MS,Mississippi,Lawrence,28077,11741,11,1.0,1.4525211005188965,117.0,96.07577807848445,Very High,True,True,True
2023,LA,Louisiana,Washington,22117,44865,11,1.0,1.451341860881551,118.0,96.04194857916104,Very High,True,True,True
2023,MS,Mississippi,Jefferson Davis,28065,10969,11,1.0,1.4501582099129544,119.0,96.0081190798376,Very High,True,True,True
2023,AR,Arkansas,Nevada,5099,8120,11,1.0,1.450018772400757,120.0,95.9742895805142,Very High,True,True,True
2023,AL,Alabama,Escambia,1053,36558,11,1.0,1.4480288047295424,121.0,95.9404600811908,Very High,True,True,True
2023,TN,Tennessee,Cocke,47029,37404,11,1.0,1.4368709478367074,122.0,95.9066305818674,Very High,True,True,True
2023,LA,Louisiana,Acadia,22001,56489,11,1.0,1.4366505624585133,123.0,95.87280108254396,Very High,True,True,True
2023,AR,Arkansas,Jackson,5067,16784,11,1.0,1.4358308255991237,124.0,95.83897158322056,Very High,True,True,True
2023,WV,West Virginia,Raleigh,54081,72356,11,1.0,1.4310980153737645,125.0,95.80514208389717,Very High,True,True,True
2023,NC,North Carolina,Scotland,37165,34376,11,1.0,1.4273130638110796,126.0,95.77131258457376,Very High,True,True,True
2023,OK,Oklahoma,Seminole,40133,23565,11,1.0,1.423203234470562,127.0,95.73748308525036,Very High,True,True,True
2023,LA,Louisiana,Richland,22083,19712,11,1.0,1.4189514637327454,128.0,95.70365358592692,Very High,True,True,True
2023,MS,Mississippi,Pike,28113,39394,11,1.0,1.4169358391514704,129.0,95.66982408660353,Very High,True,True,True
2023,LA,Louisiana,Caldwell,22021,9389,11,1.0,1.4104965100158768,130.0,95.63599458728012,Very High,True,True,True
2023,ND,North Dakota,Rolette,38079,11728,11,1.0,1.4082219582901914,131.0,95.6021650879567,Very High,True,True,True
2023,LA,Louisiana,St. Mary,22101,47055,11,1.0,1.4068350202238105,132.0,95.56833558863327,Very High,True,True,True
2023,WV,West Virginia,Pocahontas,54075,7765,11,1.0,1.403711581331328,133.0,95.53450608930989,Very High,True,True,True
2023,WV,West Virginia,Boone,54005,20576,11,1.0,1.400325505747689,134.0,95.50067658998648,Very High,True,True,True
2023,TX,Texas,Brooks,48047,6848,11,1.0,1.399356969690824,135.0,95.46684709066304,Very High,True,True,True
2023,GA,Georgia,Turner,13287,8909,11,1.0,1.3987816955944488,136.0,95.43301759133963,Very High,True,True,True
2023,OK,Oklahoma,Sequoyah,40135,40291,11,1.0,1.3983659776122954,137.0,95.39918809201625,Very High,True,True,True
2023,MO,Missouri,Hickory,29085,8718,11,1.0,1.388446055514096,138.0,95.36535859269284,Very High,True,True,True
2023,GA,Georgia,Ben Hill,13017,17128,11,1.0,1.3867978855154866,139.0,95.3315290933694,Very High,True,True,True
2023,VA,Virginia,Hopewell,51670,22752,11,1.0,1.3832766017242124,140.0,95.297699594046,Very High,True,True,True
2023,TN,Tennessee,Hardeman,47069,25567,11,1.0,1.3808945370445649,141.0,95.2638700947226,Very High,True,True,True
2023,TN,Tennessee,Clay,47027,7714,11,1.0,1.3719432751325764,142.0,95.2300405953992,Very High,True,True,True
2023,TN,Tennessee,Johnson,47091,18375,11,1.0,1.3565477519394715,143.0,95.19621109607576,Very High,True,True,True
2023,OK,Oklahoma,Latimer,40077,9526,11,1.0,1.355868535423698,144.0,95.16238159675235,Very High,True,True,True
2023,GA,Georgia,Calhoun,13037,5457,11,1.0,1.3547168183498028,145.0,95.12855209742897,Very High,True,True,True
2023,TN,Tennessee,Fentress,47049,19696,11,1.0,1.352870280281347,146.0,95.09472259810556,Very High,True,True,True
2023,AL,Alabama,Hale,1065,14888,11,1.0,1.348189105450338,147.0,95.06089309878216,Very High,True,True,True
2023,TN,Tennessee,Perry,47135,8891,11,1.0,1.3480621267779254,148.0,95.02706359945871,Very High,True,True,True
2023,AL,Alabama,Macon,1087,18370,11,1.0,1.3469742059452297,149.0,94.99323410013533,Very High,True,True,False
2023,MS,Mississippi,Panola,28107,32669,11,1.0,1.3454798269266777,150.0,94.95940460081192,Very High,True,True,False
2023,LA,Louisiana,Sabine,22085,21906,11,1.0,1.3450678180569589,151.0,94.9255751014885,Very High,True,True,False
2023,MO,Missouri,McDonald,29119,23903,11,1.0,1.3390244100806676,152.0,94.89174560216507,Very High,True,True,False
2023,MS,Mississippi,Scott,28123,27507,11,1.0,1.3366290871155893,153.0,94.85791610284168,Very High,True,True,False
2023,GA,Georgia,Crisp,13081,19631,11,1.0,1.336618688956502,154.0,94.82408660351828,Very High,True,True,False
2023,OK,Oklahoma,Pushmataha,40127,10800,11,1.0,1.335324650458562,155.0,94.79025710419484,Very High,True,True,False
2023,MS,Mississippi,Adams,28001,28746,11,1.0,1.3337930865591952,156.0,94.75642760487143,Very High,True,True,False
2023,SC,South Carolina,Barnwell,45011,20447,11,1.0,1.3310212194787818,157.0,94.72259810554804,Very High,True,True,False
2023,AR,Arkansas,Crittenden,5035,47139,11,1.0,1.330682723653128,158.0,94.68876860622464,Very High,True,True,False
2023,GA,Georgia,Quitman,13239,2280,11,1.0,1.3276669333374989,159.0,94.6549391069012,Very High,True,True,False
2023,TX,Texas,Presidio,48377,5795,11,1.0,1.3253145319106965,160.0,94.6211096075778,Very High,True,True,False
2023,OK,Oklahoma,McIntosh,40091,19603,11,1.0,1.3203320156996492,161.0,94.5872801082544,Very High,True,True,False
2023,SC,South Carolina,Lee,45061,15967,11,1.0,1.3164527221978688,162.0,94.553450608931,Very High,True,True,False
2023,AL,Alabama,Monroe,1099,19229,11,1.0,1.3162978576424351,163.0,94.51962110960756,Very High,True,True,False
2023,WV,West Virginia,Hardy,54031,14251,11,1.0,1.314817544692884,164.0,94.48579161028417,Very High,True,True,False
2023,AR,Arkansas,Woodruff,5147,5964,11,1.0,1.308652073468606,165.0,94.45196211096076,Very High,True,True,False
2023,TN,Tennessee,Sequatchie,47153,17161,11,1.0,1.3040285612353812,166.0,94.41813261163736,Very High,True,True,False
2023,LA,Louisiana,Jackson,22049,14746,11,1.0,1.3029698501389153,167.0,94.38430311231394,Very High,True,True,False
2023,TX,Texas,La Salle,48283,6537,11,1.0,1.3029629079667264,168.0,94.35047361299053,Very High,True,True,False
2023,AR,Arkansas,Monroe,5095,6512,11,1.0,1.2982940996709555,169.0,94.31664411366712,Very High,True,True,False
2023,WV,West Virginia,Mason,54053,24765,11,1.0,1.2968266391873795,170.0,94.2828146143437,Very High,True,True,False
2023,GA,Georgia,Johnson,13167,9282,11,1.0,1.296563392716229,171.0,94.2489851150203,Very High,True,True,False
2023,OH,Ohio,Meigs,39105,21767,11,1.0,1.292122294184907,172.0,94.21515561569689,Very High,True,True,False
2023,TN,Tennessee,Campbell,47013,40223,11,1.0,1.291940504129261,173.0,94.18132611637348,Very High,True,True,False
2023,OH,Ohio,Pike,39131,27001,11,1.0,1.288375251038682,174.0,94.14749661705008,Very High,True,True,False
2023,LA,Louisiana,Winn,22127,13216,11,1.0,1.2872848403440431,175.0,94.11366711772666,Very High,True,True,False
2023,FL,Florida,DeSoto,12027,35979,11,1.0,1.2854181973825798,176.0,94.07983761840325,Very High,True,True,False
2023,MO,Missouri,Wayne,29223,10811,11,1.0,1.2849054266770248,177.0,94.04600811907984,Very High,True,True,False
2023,MO,Missouri,Ozark,29153,8970,11,1.0,1.2835842722404194,178.0,94.01217861975644,Very High,True,True,False
2023,TX,Texas,Maverick,48323,57762,11,1.0,1.2835724087139189,179.0,93.978349120433,Very High,True,True,False
2023,WV,West Virginia,Wayne,54099,37686,11,1.0,1.280030511947232,180.0,93.9445196211096,Very High,True,True,False
2023,LA,Louisiana,Allen,22003,22112,11,1.0,1.2782113987620312,181.0,93.9106901217862,Very High,True,True,False
2023,AR,Arkansas,Bradley,5011,10104,11,1.0,1.2751155929964864,182.0,93.8768606224628,Very High,True,True,False
2023,WV,West Virginia,Fayette,54019,39072,11,1.0,1.274698640428514,183.0,93.84303112313935,Very High,True,True,False
2023,MS,Mississippi,Amite,28005,12442,11,1.0,1.2687366433670364,184.0,93.80920162381597,Very High,True,True,False
2023,OK,Oklahoma,Choctaw,40023,14276,11,1.0,1.261579630278412,185.0,93.77537212449256,Very High,True,True,False
2023,MS,Mississippi,Clay,28025,18206,11,1.0,1.2586753420848729,186.0,93.74154262516916,Very High,True,True,False
2023,WV,West Virginia,Gilmer,54021,7254,11,1.0,1.25567053654825,187.0,93.70771312584574,Very High,True,True,False
2023,NC,North Carolina,Halifax,37083,47298,11,1.0,1.2544354624285754,188.0,93.67388362652233,Very High,True,True,False
2023,LA,Louisiana,Iberia,22045,67659,11,1.0,1.241137215489946,189.0,93.64005412719892,Very High,True,True,False
2023,GA,Georgia,Clinch,13065,6746,11,1.0,1.2395439465196718,190.0,93.6062246278755,Very High,True,True,False
2023,AR,Arkansas,Cross,5037,16420,11,1.0,1.2376733504024682,191.0,93.5723951285521,Very High,True,True,False
2023,FL,Florida,Hamilton,12047,13471,11,1.0,1.2371287271175893,192.0,93.53856562922869,Very High,True,True,False
2023,VA,Virginia,Danville,51590,41837,11,1.0,1.2368664986689166,193.0,93.50473612990528,Very High,True,True,False
2023,LA,Louisiana,De Soto,22031,27114,11,1.0,1.2328713380482434,194.0,93.47090663058188,Very High,True,True,False
2023,WV,West Virginia,Mercer,54055,58057,11,1.0,1.2328078785447578,195.0,93.43707713125846,Very High,True,True,False
2023,VA,Virginia,Emporia,51595,5463,11,1.0,1.2296390439799545,196.0,93.40324763193505,Very High,True,True,False
2023,WV,West Virginia,Wirt,54105,5000,11,1.0,1.2293688514861854,197.0,93.36941813261164,Very High,True,True,False
2023,IN,Indiana,Crawford,18025,10438,11,1.0,1.2288598089680955,198.0,93.33558863328822,Very High,True,True,False
2023,TN,Tennessee,Hardin,47071,27229,11,1.0,1.228020025532716,199.0,93.3017591339648,Very High,True,True,False
2023,TN,Tennessee,Jackson,47087,12363,11,1.0,1.2265476032650848,200.0,93.2679296346414,Very High,True,True,False
2023,NC,North Carolina,Washington,37187,10713,11,1.0,1.223573216119389,201.0,93.234100135318,Very High,True,True,False
2023,MS,Mississippi,Chickasaw,28017,16866,11,1.0,1.2230271444665255,202.0,93.20027063599458,Very High,True,True,False
2023,AR,Arkansas,Searcy,5129,7806,11,1.0,1.2211779883961915,203.0,93.16644113667115,Very High,True,True,False
2023,AK,Alaska,Northwest Arctic,2188,7361,11,1.0,1.2196949601533795,204.0,93.13261163734776,Very High,True,True,False
2023,MS,Mississippi,Marshall,28093,34123,11,1.0,1.2185346744898014,205.0,93.09878213802436,Very High,True,True,False
2023,AR,Arkansas,Sevier,5133,15632,11,1.0,1.217217058458847,206.0,93.06495263870094,Very High,True,True,False
2023,TN,Tennessee,Benton,47005,16103,11,1.0,1.20776070360707,207.0,93.03112313937754,Very High,True,True,False
2023,SC,South Carolina,Union,45087,26629,11,1.0,1.2076294232548876,208.0,92.99729364005412,Very High,True,True,False
2023,GA,Georgia,Jefferson,13163,15183,11,1.0,1.203339662462239,209.0,92.96346414073072,Very High,True,True,False
2023,AR,Arkansas,Jefferson,5069,63661,11,1.0,1.2019339735392598,210.0,92.9296346414073,Very High,True,True,False
2023,MS,Mississippi,Montgomery,28097,9600,11,1.0,1.1956616584602917,211.0,92.8958051420839,Very High,True,True,False
2023,AR,Arkansas,Mississippi,5093,38663,11,1.0,1.1956003470637753,212.0,92.86197564276048,Very High,True,True,False
2023,TX,Texas,Reeves,48389,11770,11,1.0,1.194280804044928,213.0,92.82814614343708,Very High,True,True,False
2023,TN,Tennessee,Macon,47111,26793,11,1.0,1.1885740612082163,214.0,92.79431664411368,Very High,True,True,False
2023,SC,South Carolina,Hampton,45049,18122,11,1.0,1.186410699200804,215.0,92.76048714479026,Very High,True,True,False
2023,TN,Tennessee,DeKalb,47041,21225,11,1.0,1.1860744446338016,216.0,92.72665764546684,Very High,True,True,False
2023,TN,Tennessee,Overton,47133,23327,11,1.0,1.1850592826067887,217.0,92.69282814614344,Very High,True,True,False
2023,MN,Minnesota,Mahnomen,27087,5280,11,1.0,1.1842460859503896,218.0,92.65899864682002,Very High,True,True,False
2023,GA,Georgia,Brooks,13027,16245,11,1.0,1.181923982343262,219.0,92.62516914749662,Very High,True,True,False
2023,MT,Montana,Roosevelt,30085,10319,11,1.0,1.1739925716667925,220.0,92.5913396481732,Very High,True,True,False
2023,MO,Missouri,Butler,29023,41948,11,1.0,1.1739268939391063,221.0,92.5575101488498,Very High,True,True,False
2023,MO,Missouri,Ripley,29181,10806,11,1.0,1.1736983407211456,222.0,92.52368064952638,Very High,True,True,False
2023,MO,Missouri,Wright,29229,19403,11,1.0,1.1732730594561829,223.0,92.48985115020297,Very High,True,True,False
2023,GA,Georgia,Wheeler,13309,7081,11,1.0,1.1724156512309176,224.0,92.45602165087958,Very High,True,True,False
2023,LA,Louisiana,Union,22111,20650,11,1.0,1.1715859904343942,225.0,92.42219215155616,Very High,True,True,False
2023,GA,Georgia,Dougherty,13095,82645,11,1.0,1.1691268233095329,226.0,92.38836265223274,Very High,True,True,False
2023,TX,Texas,Duval,48131,9604,11,1.0,1.1677539084640032,227.0,92.35453315290934,Very High,True,True,False
2023,GA,Georgia,Talbot,13263,5718,11,1.0,1.1662508059353316,228.0,92.32070365358592,Very High,True,True,False
2023,GA,Georgia,Mitchell,13205,21114,11,1.0,1.165971512894195,229.0,92.28687415426252,Very High,True,True,False
2023,MS,Mississippi,Wayne,28153,19703,11,1.0,1.1641071811897896,230.0,92.2530446549391,Very High,True,True,False
2023,TX,Texas,Swisher,48437,6955,11,1.0,1.1635610100737352,231.0,92.2192151556157,Very High,True,True,False
2023,VA,Virginia,Martinsville,51690,13763,11,1.0,1.163522926784872,232.0,92.18538565629228,Very High,True,True,False
2023,OH,Ohio,Scioto,39145,71969,11,1.0,1.1620331213857098,233.0,92.15155615696888,Very High,True,True,False
2023,AL,Alabama,Pickens,1107,18688,11,1.0,1.1617310428713006,234.0,92.11772665764548,Very High,True,True,False
2023,MS,Mississippi,Yalobusha,28161,12386,11,1.0,1.1605129347140355,235.0,92.08389715832206,Very High,True,True,False
2023,LA,Louisiana,Lincoln,22061,47962,11,1.0,1.1599711269175732,236.0,92.05006765899864,Very High,True,True,False
2023,GA,Georgia,Coffee,13069,43317,11,1.0,1.1592265122471572,237.0,92.01623815967524,Very High,True,True,False
2023,TX,Texas,Deaf Smith,48117,18347,11,1.0,1.1587245248647364,238.0,91.98240866035182,Very High,True,True,False
2023,AL,Alabama,Choctaw,1023,12252,11,1.0,1.1548874395535382,239.0,91.94857916102842,Very High,True,True,False
2023,TX,Texas,Hidalgo,48215,898471,11,1.0,1.1544257770359956,240.0,91.914749661705,Very High,True,True,False
2023,GA,Georgia,Jeff Davis,13161,14906,11,1.0,1.1491550664855454,241.0,91.8809201623816,Very High,True,True,False
2023,LA,Louisiana,Natchitoches,22069,36291,11,1.0,1.1487893389885335,242.0,91.84709066305818,Very High,True,True,False
2023,MS,Mississippi,Neshoba,28099,28789,11,1.0,1.1486511948903209,243.0,91.81326116373477,Very High,True,True,False
2023,GA,Georgia,Emanuel,13107,23119,11,1.0,1.144468349843676,244.0,91.77943166441138,Very High,True,True,False
2023,MS,Mississippi,Winston,28159,17416,11,1.0,1.1427218084289394,245.0,91.74560216508796,Very High,True,True,False
2023,WV,West Virginia,Wetzel,54103,13890,11,1.0,1.142199448415621,246.0,91.71177266576454,Very High,True,True,False
2023,AR,Arkansas,Fulton,5049,12421,11,1.0,1.1420096121112024,247.0,91.67794316644114,Very High,True,True,False
2023,NC,North Carolina,Anson,37007,21897,11,1.0,1.1401245590612146,248.0,91.64411366711772,Very High,True,True,False
2023,TN,Tennessee,Rhea,47143,33924,11,1.0,1.139434391493787,249.0,91.61028416779432,Very High,True,True,False
2023,OK,Oklahoma,Craig,40035,14494,11,1.0,1.137190532296119,250.0,91.5764546684709,Very High,True,True,False
2023,TN,Tennessee,McNairy,47109,26163,11,1.0,1.1343527307731989,251.0,91.5426251691475,Very High,True,True,False
2023,SC,South Carolina,Williamsburg,45089,29891,11,1.0,1.1329604503601194,252.0,91.50879566982408,Very High,True,True,False
2023,GA,Georgia,Appling,13001,18457,11,1.0,1.132710828939275,253.0,91.47496617050066,Very High,True,True,False
2023,AR,Arkansas,Poinsett,5111,22397,11,1.0,1.1315053728912745,254.0,91.44113667117728,Very High,True,True,False
2023,TN,Tennessee,Wayne,47181,16066,11,1.0,1.1291186138067075,255.0,91.40730717185386,Very High,True,True,False
2023,AZ,Arizona,Apache,4001,65036,11,1.0,1.127612266176517,256.0,91.37347767253044,Very High,True,True,False
2023,AR,Arkansas,Lawrence,5075,16318,11,1.0,1.1250909666313555,257.0,91.33964817320704,Very High,True,True,False
2023,MO,Missouri,New Madrid,29143,15424,11,1.0,1.1239733654668174,258.0,91.30581867388364,Very High,True,True,False
2023,TN,Tennessee,White,47185,28692,11,1.0,1.121667160685132,259.0,91.27198917456022,Very High,True,True,False
2023,MS,Mississippi,Calhoun,28013,12685,11,1.0,1.120295315490675,260.0,91.2381596752368,Very High,True,True,False
2023,GA,Georgia,Wilcox,13315,8779,11,1.0,1.1177213234504413,261.0,91.2043301759134,Very High,True,True,False
2023,MO,Missouri,Oregon,29149,8720,11,1.0,1.1175783522067746,262.0,91.17050067658998,Very High,True,True,False
2023,WV,West Virginia,Doddridge,54017,7680,11,1.0,1.1157477513752807,263.0,91.13667117726658,Very High,True,True,False
2023,GA,Georgia,Warren,13301,5106,11,1.0,1.114972926954653,264.0,91.10284167794318,Very High,True,True,False
2023,WV,West Virginia,Monroe,54063,12382,11,1.0,1.114679865936935,265.0,91.06901217861976,Very High,True,True,False
2023,WV,West Virginia,Lewis,54041,16500,11,1.0,1.1146781612857446,266.0,91.03518267929634,Very High,True,True,False
2023,TN,Tennessee,Warren,47177,42638,11,1.0,1.1141609479759114,267.0,91.00135317997294,Very High,True,True,False
2023,NC,North Carolina,Lenoir,37107,54895,11,1.0,1.110832669186793,268.0,90.96752368064952,Very High,True,True,False
2023,TN,Tennessee,Lawrence,47099,46114,11,1.0,1.1055003828822716,269.0,90.93369418132612,Very High,True,True,False
2023,VA,Virginia,Petersburg,51730,33309,11,1.0,1.1044125261494926,270.0,90.8998646820027,Very High,True,True,False
2023,VA,Virginia,Lee,51105,21745,11,1.0,1.103123172419519,271.0,90.8660351826793,Very High,True,True,False
2023,GA,Georgia,Webster,13307,2337,11,1.0,1.0999336248428533,272.0,90.83220568335588,Very High,True,True,False
2023,TN,Tennessee,Obion,47131,30411,11,1.0,1.097839738054616,273.0,90.79837618403248,Very High,True,True,False
2023,GA,Georgia,Ware,13299,36243,11,1.0,1.0963063966248556,274.0,90.76454668470907,Very High,True,True,False
2023,GA,Georgia,Washington,13303,19820,11,1.0,1.0918044344516993,275.0,90.73071718538566,Very High,True,True,False
2023,WV,West Virginia,Greenbrier,54025,32149,11,1.0,1.0911508637153784,276.0,90.69688768606224,Very High,True,True,False
2023,WV,West Virginia,Upshur,54097,23529,11,1.0,1.0901447149692545,277.0,90.66305818673884,Very High,True,True,False
2023,TX,Texas,Culberson,48109,2196,11,1.0,1.0897954893485418,278.0,90.62922868741543,Very High,True,True,False
2023,MT,Montana,Big Horn,30003,12751,11,1.0,1.0871344089608377,279.0,90.59539918809202,Very High,True,True,False
2023,TN,Tennessee,Morgan,47129,21573,11,1.0,1.086298602845153,280.0,90.5615696887686,Very High,True,True,False
2023,OK,Oklahoma,Johnston,40069,10216,11,1.0,1.0861773928678484,281.0,90.5277401894452,Very High,True,True,False
2023,TN,Tennessee,Meigs,47121,13691,11,1.0,1.0857085646683733,282.0,90.49391069012178,Very High,True,True,False
2023,VA,Virginia,Buchanan,51027,19087,11,1.0,1.084298755942932,283.0,90.46008119079838,Very High,True,True,False
2023,OK,Oklahoma,Ottawa,40115,30287,11,1.0,1.081805393742966,284.0,90.42625169147496,Very High,True,True,False
2023,OK,Oklahoma,Hughes,40063,13436,11,1.0,1.0769300931339123,285.0,90.39242219215156,Very High,True,True,False
2023,GA,Georgia,Tattnall,13267,24296,11,1.0,1.0766218647492347,286.0,90.35859269282814,Very High,True,True,False
2023,MS,Mississippi,Kemper,28069,8584,11,1.0,1.074204112479462,287.0,90.32476319350474,Very High,True,True,False
2023,GA,Georgia,Clay,13061,2853,11,1.0,1.0741647660020073,288.0,90.29093369418132,Very High,True,True,False
2023,MO,Missouri,Carter,29035,5303,11,1.0,1.073075259936639,289.0,90.25710419485792,Very High,True,True,False
2023,WV,West Virginia,Randolph,54083,27350,11,1.0,1.0711706722746424,290.0,90.2232746955345,Very High,True,True,False
2023,MS,Mississippi,Marion,28091,24224,11,1.0,1.0705625919818835,291.0,90.1894451962111,Very High,True,True,False
2023,GA,Georgia,Early,13099,10563,11,1.0,1.070009742730837,292.0,90.15561569688768,Very High,True,True,False
2023,AL,Alabama,Marengo,1091,18684,11,1.0,1.069852481640772,293.0,90.12178619756428,Very High,True,True,False
2023,GA,Georgia,McIntosh,13191,11501,11,1.0,1.0695483814934272,294.0,90.08795669824087,Very High,True,True,False
2023,TN,Tennessee,Marion,47115,29382,11,1.0,1.068915426527844,295.0,90.05412719891746,Very High,True,True,False
2023,AR,Arkansas,Randolph,5121,18907,11,1.0,1.068453352942573,296.0,90.02029769959404,Very High,True,True,False
2023,GA,Georgia,Decatur,13087,29087,11,1.0,1.06754408197609,297.0,89.98646820027064,Very High,True,True,False
2023,IL,Illinois,Pulaski,17153,4911,11,1.0,1.067043603289173,298.0,89.95263870094723,Very High,True,True,False
2023,OK,Oklahoma,Muskogee,40101,66677,11,1.0,1.0668046681210852,299.0,89.91880920162382,Very High,True,True,False
2023,LA,Louisiana,St. Bernard,22087,44463,11,1.0,1.0667225185250582,300.0,89.8849797023004,Very High,True,True,False
2023,MO,Missouri,Texas,29215,25619,11,1.0,1.0637183180152077,301.0,89.851150202977,Very High,True,True,False
2023,AR,Arkansas,Ouachita,5103,21793,11,1.0,1.0616307463830734,302.0,89.81732070365359,Very High,True,True,False
2023,GA,Georgia,Charlton,13049,12934,11,1.0,1.0615491828283388,303.0,89.78349120433018,Very High,True,True,False
2023,AL,Alabama,Butler,1013,18382,11,1.0,1.0605397813466786,304.0,89.74966170500677,Very High,True,True,False
2023,WV,West Virginia,Nicholas,54067,24169,11,1.0,1.0600541639985563,305.0,89.71583220568336,Very High,True,True,False
2023,TX,Texas,Terry,48445,11547,11,1.0,1.0590641480405725,306.0,89.68200270635994,Very High,True,True,False
2023,NC,North Carolina,Warren,37185,18836,11,1.0,1.0568373812119254,307.0,89.64817320703654,Very High,True,True,False
2023,OK,Oklahoma,Le Flore,40079,49596,11,1.0,1.056772094376238,308.0,89.61434370771313,Very High,True,True,False
2023,OK,Oklahoma,McCurtain,40089,30660,11,1.0,1.0542063180011498,309.0,89.58051420838972,Very High,True,True,False
2023,NC,North Carolina,Hertford,37091,19453,11,1.0,1.0511495979370742,310.0,89.5466847090663,Very High,True,True,False
2023,AR,Arkansas,Drew,5043,16945,11,1.0,1.0508258423274106,311.0,89.5128552097429,Very High,True,True,False
2023,NC,North Carolina,Richmond,37153,42324,11,1.0,1.0503574479222424,312.0,89.47902571041949,Very High,True,True,False
2023,AR,Arkansas,Hempstead,5057,19343,11,1.0,1.0448507046184683,313.0,89.44519621109607,Very High,True,True,False
2023,TN,Tennessee,Monroe,47123,48594,11,1.0,1.044036910856882,314.0,89.41136671177267,Very High,True,True,False
2023,TN,Tennessee,Unicoi,47171,17756,11,1.0,1.041574705723589,315.0,89.37753721244925,Very High,True,True,False
2023,TX,Texas,Foard,48155,1079,11,1.0,1.0408055497253117,316.0,89.34370771312584,Very High,True,True,False
2023,TN,Tennessee,Claiborne,47025,32654,11,1.0,1.040146767487187,317.0,89.30987821380243,Very High,True,True,False
2023,MS,Mississippi,Franklin,28037,7610,11,1.0,1.0392677719094918,318.0,89.27604871447903,Very High,True,True,False
2023,MS,Mississippi,Jasper,28061,16013,11,1.0,1.0379663973154765,319.0,89.24221921515561,Very High,True,True,False
2023,TX,Texas,Frio,48163,17987,11,1.0,1.0363649780282995,320.0,89.2083897158322,Very High,True,True,False
2023,AL,Alabama,Franklin,1059,31802,11,1.0,1.0362321518336304,321.0,89.1745602165088,Very High,True,True,False
2023,GA,Georgia,Evans,13109,10754,11,1.0,1.0349523152949056,322.0,89.14073071718539,Very High,True,True,False
2023,AK,Alaska,Nome,2180,9763,11,1.0,1.0319563894993111,323.0,89.10690121786197,Very High,True,True,False
2023,OK,Oklahoma,Okmulgee,40111,37035,11,1.0,1.0316272930148307,324.0,89.07307171853857,Very High,True,True,False
2023,OK,Oklahoma,Jefferson,40067,5347,11,1.0,1.0281621104125311,325.0,89.03924221921515,Very High,True,True,False
2023,TN,Tennessee,Hamblen,47063,66216,11,1.0,1.0280679427231585,326.0,89.00541271989174,Very High,True,True,False
2023,NC,North Carolina,Bertie,37015,16922,11,1.0,1.027522120879906,327.0,88.97158322056833,Very High,True,True,False
2023,AR,Arkansas,Izard,5065,14169,11,1.0,1.027234869772389,328.0,88.93775372124493,Very High,True,True,False
2023,FL,Florida,Hendry,12051,43333,11,1.0,1.026707215220108,329.0,88.90392422192151,Very High,True,True,False
2023,FL,Florida,Gadsden,12039,43833,11,1.0,1.0254716351981257,330.0,88.8700947225981,Very High,True,True,False
2023,OK,Oklahoma,Caddo,40015,26214,11,1.0,1.025158157209013,331.0,88.8362652232747,Very High,True,True,False
2023,AR,Arkansas,Lincoln,5079,12898,11,1.0,1.0226274426020778,332.0,88.80243572395129,Very High,True,True,False
2023,WV,West Virginia,Tyler,54095,7919,11,1.0,1.0208353720097816,333.0,88.76860622462787,Very High,True,True,False
2023,TX,Texas,Shelby,48419,24179,11,1.0,1.0208088269442082,334.0,88.73477672530447,Very High,True,True,False
2023,TX,Texas,Dawson,48115,12004,11,1.0,1.020668013055268,335.0,88.70094722598105,Very High,True,True,False
2023,NM,New Mexico,Luna,35029,25316,11,1.0,1.018546591036946,336.0,88.66711772665764,Very High,True,True,False
2023,SC,South Carolina,Chesterfield,45025,44031,11,1.0,1.016204076176678,337.0,88.63328822733423,Very High,True,True,False
2023,NC,North Carolina,Greene,37079,20530,11,1.0,1.015259161369652,338.0,88.59945872801083,Very High,True,True,False
2023,WV,West Virginia,Jackson,54035,27593,11,1.0,1.0129819604362322,339.0,88.56562922868741,Very High,True,True,False
2023,WV,West Virginia,Cabell,54011,92082,11,1.0,1.0129715604831295,340.0,88.531799729364,Very High,True,True,False
2023,LA,Louisiana,St. Martin,22099,51057,11,1.0,1.01191468053696,341.0,88.4979702300406,Very High,True,True,False
2023,WI,Wisconsin,Menominee,55078,4226,11,1.0,1.011488160844416,342.0,88.46414073071719,Very High,True,True,False
2023,MS,Mississippi,Walthall,28147,13863,11,1.0,1.0098917435337091,343.0,88.43031123139377,Very High,True,True,False
2023,TX,Texas,Wilbarger,48487,12522,11,1.0,1.007923909031396,344.0,88.39648173207037,Very High,True,True,False
2023,AL,Alabama,Bibb,1007,21868,11,1.0,1.0078760720589182,345.0,88.36265223274695,Very High,True,True,False
2023,AR,Arkansas,Stone,5137,12671,11,1.0,1.004394927399457,346.0,88.32882273342354,Very High,True,True,False
2023,MO,Missouri,Washington,29221,23534,11,1.0,1.0043226089949586,347.0,88.29499323410013,Very High,True,True,False
2023,TN,Tennessee,Hawkins,47073,58600,11,1.0,1.004048169661484,348.0,88.26116373477673,Very High,True,True,False
2023,WV,West Virginia,Taylor,54091,16388,11,1.0,1.0014851562500358,349.0,88.22733423545331,Very High,True,True,False
2023,GA,Georgia,Chattooga,13055,25222,11,1.0,0.9989177809119604,350.0,88.1935047361299,Very High,True,True,False
2023,TN,Tennessee,Henry,47079,32554,11,1.0,0.9983453799435968,351.0,88.1596752368065,Very High,True,True,False
2023,MS,Mississippi,Smith,28129,14099,11,1.0,0.9970780725269952,352.0,88.12584573748309,Very High,True,True,False
2023,FL,Florida,Glades,12043,12786,11,1.0,0.9960613047929168,353.0,88.09201623815967,Very High,True,True,False
2023,SC,South Carolina,Orangeburg,45075,82820,11,1.0,0.994671910176288,354.0,88.05818673883627,Very High,True,True,False
2023,NV,Nevada,Mineral,32021,4528,11,1.0,0.994134459960502,355.0,88.02435723951285,Very High,True,True,False
2023,TN,Tennessee,Carter,47019,57022,11,1.0,0.9933881243752573,356.0,87.99052774018945,Very High,True,True,False
2023,OK,Oklahoma,Kiowa,40075,8398,11,1.0,0.9920083177867948,357.0,87.95669824086603,Very High,True,True,False
2023,GA,Georgia,Lanier,13173,10452,11,1.0,0.9891261234656498,358.0,87.92286874154263,Very High,True,True,False
2023,GA,Georgia,Wayne,13305,31373,11,1.0,0.9842103375650968,359.0,87.88903924221921,Very High,True,True,False
2023,LA,Louisiana,Assumption,22007,20160,11,1.0,0.9790113515262144,360.0,87.8552097428958,Very High,True,True,False
2023,LA,Louisiana,Caddo,22017,226386,11,1.0,0.9784943248946136,361.0,87.8213802435724,Very High,True,True,False
2023,AL,Alabama,DeKalb,1049,72569,11,1.0,0.9772229130268788,362.0,87.78755074424899,Very High,True,True,False
2023,MS,Mississippi,Leake,28079,21258,11,1.0,0.97589212909328,363.0,87.75372124492557,Very High,True,True,False
2023,GA,Georgia,Taliaferro,13265,1609,11,1.0,0.9756516118322685,364.0,87.71989174560217,Very High,True,True,False
2023,GA,Georgia,Burke,13033,24438,11,1.0,0.9756339924716166,365.0,87.68606224627875,Very High,True,True,False
2023,AL,Alabama,Russell,1113,58744,11,1.0,0.9751244145085016,366.0,87.65223274695535,Very High,True,True,False
2023,AK,Alaska,Yukon-Koyukuk,2290,5129,11,1.0,0.9724091094955396,367.0,87.61840324763193,Very High,True,True,False
2023,GA,Georgia,Colquitt,13071,46167,11,1.0,0.9695723126715988,368.0,87.58457374830853,Very High,True,True,False
2023,MS,Mississippi,Grenada,28043,21065,11,1.0,0.9655658462802282,369.0,87.55074424898511,Very High,True,True,False
2023,WV,West Virginia,Wood,54107,83052,11,1.0,0.9653769031134992,370.0,87.5169147496617,Very High,True,True,False
2023,AR,Arkansas,Miller,5091,42415,11,1.0,0.9652256626371772,371.0,87.4830852503383,Very High,True,True,False
2023,LA,Louisiana,Lafourche,22057,95056,11,1.0,0.9625751914390982,372.0,87.44925575101489,Very High,True,True,False
2023,TN,Tennessee,Weakley,47183,33084,11,1.0,0.9622541740617788,373.0,87.41542625169147,Very High,True,True,False
2023,NC,North Carolina,Edgecombe,37065,48832,11,1.0,0.96134667461352,374.0,87.38159675236807,Very High,True,True,False
2023,TN,Tennessee,Grainger,47057,24681,11,1.0,0.9565974799711304,375.0,87.34776725304465,Very High,True,True,False
2023,VA,Virginia,Lunenburg,51111,12038,11,1.0,0.9552411732174748,376.0,87.31393775372125,Very High,True,True,False
2023,TX,Texas,Upton,48461,3109,11,1.0,0.954028528499474,377.0,87.28010825439783,Very High,True,True,False
2023,TX,Texas,Jim Wells,48249,38662,11,1.0,0.9533299698579392,378.0,87.24627875507443,Very High,True,True,False
2023,MI,Michigan,Lake,26085,12734,11,1.0,0.9529923249292196,379.0,87.21244925575101,Very High,True,True,False
2023,LA,Louisiana,West Carroll,22123,9323,11,1.0,0.9472738544928596,380.0,87.1786197564276,Very High,True,True,False
2023,AL,Alabama,Clarke,1025,22337,11,1.0,0.9459666225629932,381.0,87.1447902571042,Very High,True,True,False
2023,LA,Louisiana,Iberville,22047,29617,11,1.0,0.9450739763448642,382.0,87.11096075778079,Very High,True,True,False
2023,IL,Illinois,Alexander,17003,4695,11,1.0,0.944426935840556,383.0,87.07713125845737,Very High,True,True,False
2023,TN,Tennessee,Henderson,47077,28070,11,1.0,0.9406303151518336,384.0,87.04330175913397,Very High,True,True,False
2023,MS,Mississippi,Copiah,28029,27664,11,1.0,0.9406180403433614,385.0,87.00947225981055,Very High,True,True,False
2023,TX,Texas,Potter,48375,114647,11,1.0,0.9392850459331896,386.0,86.97564276048715,Very High,True,True,False
2023,GA,Georgia,Cook,13075,17714,11,1.0,0.9368750715275416,387.0,86.94181326116373,Very High,True,True,False
2023,TN,Tennessee,Dyer,47045,36498,11,1.0,0.9365995067101096,388.0,86.90798376184033,Very High,True,True,False
2023,AR,Arkansas,Sharp,5135,17968,11,1.0,0.9347707078309716,389.0,86.87415426251691,Very High,True,True,False
2023,OH,Ohio,Holmes,39075,44386,11,1.0,0.9283398731760416,390.0,86.8403247631935,Very High,True,True,False
2023,VA,Virginia,Charlotte,51037,11336,11,1.0,0.9262734706597924,391.0,86.8064952638701,Very High,True,True,False
2023,AR,Arkansas,Franklin,5047,17468,11,1.0,0.9242397723570543,392.0,86.77266576454669,Very High,True,True,False
2023,LA,Louisiana,Jefferson Davis,22053,31553,11,1.0,0.9241870989239274,393.0,86.73883626522327,Very High,True,True,False
2023,GA,Georgia,Pulaski,13235,10095,11,1.0,0.92272893220181,394.0,86.70500676589987,Very High,True,True,False
2023,MS,Mississippi,Carroll,28015,9535,11,1.0,0.9224517011011272,395.0,86.67117726657646,Very High,True,True,False
2023,VA,Virginia,Dickenson,51051,13640,11,1.0,0.9222669807867644,396.0,86.63734776725305,Very High,True,True,False
2023,TN,Tennessee,McMinn,47107,55678,11,1.0,0.9192530392099972,397.0,86.60351826792963,Very High,True,True,False
2023,MO,Missouri,Barton,29011,11731,11,1.0,0.9181604741710296,398.0,86.56968876860623,Very High,True,True,False
2023,LA,Louisiana,Vermilion,22113,56992,11,1.0,0.9168943654509109,399.0,86.53585926928281,Very High,True,True,False
2023,TX,Texas,Nolan,48353,14306,11,1.0,0.915097629529479,400.0,86.5020297699594,Very High,True,True,False
2023,TX,Texas,Liberty,48291,108272,11,1.0,0.9140444482120724,401.0,86.468200270636,Very High,True,True,False
2023,FL,Florida,Putnam,12107,75955,11,1.0,0.9118932923516372,402.0,86.43437077131259,Very High,True,True,False
2023,OH,Ohio,Ashtabula,39007,96845,11,1.0,0.9118588768392508,403.0,86.40054127198917,Very High,True,True,False
2023,VA,Virginia,Galax,51640,6717,11,1.0,0.9113668863426312,404.0,86.36671177266577,Very High,True,True,False
2023,SC,South Carolina,Fairfield,45039,20422,11,1.0,0.9107702509256268,405.0,86.33288227334236,Very High,True,True,False
2023,MO,Missouri,Reynolds,29179,5950,11,1.0,0.9102435913867072,406.0,86.29905277401895,Very High,True,True,False
2023,TN,Tennessee,Carroll,47017,28860,11,1.0,0.9093803915628604,407.0,86.26522327469553,Very High,True,True,False
2023,OK,Oklahoma,Haskell,40061,11832,11,1.0,0.9080671886453976,408.0,86.23139377537213,Very High,True,True,False
2023,GA,Georgia,Berrien,13019,18570,11,1.0,0.9043934707979978,409.0,86.19756427604871,Very High,True,True,False
2023,TX,Texas,Crosby,48107,4917,11,1.0,0.903650927108497,410.0,86.1637347767253,Very High,True,True,False
2023,SC,South Carolina,Bamberg,45009,12974,11,1.0,0.902308412184718,411.0,86.1299052774019,Very High,True,True,False
2023,TX,Texas,Cottle,48101,1294,11,1.0,0.8993266758711461,412.0,86.09607577807849,Very High,True,True,False
2023,AR,Arkansas,Conway,5029,21077,11,1.0,0.8992657305925825,413.0,86.06224627875507,Very High,True,True,False
2023,AL,Alabama,Winston,1133,23611,11,1.0,0.8986084365250918,414.0,86.02841677943167,Very High,True,True,False
2023,TX,Texas,Tyler,48457,20382,11,1.0,0.8926365137915908,415.0,85.99458728010826,Very High,True,True,False
2023,TX,Texas,Jasper,48241,32694,11,1.0,0.891713316233663,416.0,85.96075778078485,Very High,True,True,False
2023,OH,Ohio,Jackson,39079,32606,11,1.0,0.8896115461915375,417.0,85.92692828146143,Very High,True,True,False
2023,OK,Oklahoma,Harmon,40057,2392,11,1.0,0.8887172278317589,418.0,85.89309878213803,Very High,True,True,False
2023,TN,Tennessee,Cannon,47015,15063,11,1.0,0.8864291805361076,419.0,85.85926928281461,Very High,True,True,False
2023,TN,Tennessee,Van Buren,47175,6493,11,1.0,0.8847148911024807,420.0,85.8254397834912,Very High,True,True,False
2023,TX,Texas,Garza,48169,4517,11,1.0,0.8844406936584209,421.0,85.7916102841678,Very High,True,True,False
2023,OH,Ohio,Adams,39001,27521,11,1.0,0.8788247526314064,422.0,85.75778078484439,Very High,True,True,False
2023,TN,Tennessee,Polk,47139,18033,11,1.0,0.8787046607597323,423.0,85.72395128552097,Very High,True,True,False
2023,VA,Virginia,Covington,51580,5545,11,1.0,0.8785313244239416,424.0,85.69012178619757,Very High,True,True,False
2023,GA,Georgia,Candler,13043,11059,11,1.0,0.8782519903925013,425.0,85.65629228687416,Very High,True,True,False
2023,TX,Texas,Dallam,48111,7237,11,1.0,0.8765877368859183,426.0,85.62246278755075,Very High,True,True,False
2023,AL,Alabama,Chambers,1017,34079,11,1.0,0.8758059715580511,427.0,85.58863328822733,Very High,True,True,False
2023,TN,Tennessee,Madison,47113,99193,11,1.0,0.8738416654076056,428.0,85.55480378890393,Very High,True,True,False
2023,IN,Indiana,Blackford,18009,11893,11,1.0,0.8728043503542857,429.0,85.52097428958051,Very High,True,True,False
2023,TN,Tennessee,Chester,47023,17606,11,1.0,0.8720905051708754,430.0,85.4871447902571,Very High,True,True,False
2023,TX,Texas,Hale,48189,31761,11,1.0,0.8713986933422142,431.0,85.4533152909337,Very High,True,True,False
2023,TN,Tennessee,Crockett,47033,13982,11,1.0,0.8706057949186231,432.0,85.41948579161028,Very High,True,True,False
2023,TN,Tennessee,Greene,47059,72577,11,1.0,0.8704419290711392,433.0,85.38565629228687,Very High,True,True,False
2023,NC,North Carolina,Northampton,37131,16715,11,1.0,0.8699723785770267,434.0,85.35182679296346,Very High,True,True,False
2023,TN,Tennessee,Lewis,47101,13066,11,1.0,0.866756985791434,435.0,85.31799729364006,Very High,True,True,False
2023,OK,Oklahoma,Atoka,40005,14525,11,1.0,0.8658333432664133,436.0,85.28416779431664,Very High,True,True,False
2023,FL,Florida,Hardee,12049,25760,11,1.0,0.8616667182565595,437.0,85.25033829499323,Very High,True,True,False
2023,MS,Mississippi,Benton,28009,7438,11,1.0,0.860314379921673,438.0,85.21650879566982,Very High,True,True,False
2023,VA,Virginia,Brunswick,51025,15749,11,1.0,0.8597839377283459,439.0,85.18267929634641,Very High,True,True,False
2023,OK,Oklahoma,Delaware,40041,41703,11,1.0,0.8584386134084759,440.0,85.148849797023,Very High,True,True,False
2023,LA,Louisiana,Ouachita,22073,157568,11,1.0,0.8578951435584987,441.0,85.1150202976996,Very High,True,True,False
2023,TN,Tennessee,Bedford,47003,53055,11,1.0,0.8573346758736505,442.0,85.08119079837618,Very High,True,True,False
2023,AR,Arkansas,Van Buren,5141,16142,11,1.0,0.8568244896024073,443.0,85.04736129905277,Very High,True,True,False
2023,VA,Virginia,Greensville,51081,11133,11,1.0,0.8561641633847062,444.0,85.01353179972936,Very High,True,True,False
2023,MS,Mississippi,Perry,28111,11315,11,1.0,0.8529723789359462,445.0,84.97970230040596,Very High,True,True,False
2023,VA,Virginia,Grayson,51077,15285,11,1.0,0.8524307215095653,446.0,84.94587280108254,Very High,True,True,False
2023,AL,Alabama,Geneva,1061,26988,11,1.0,0.8523784801090465,447.0,84.91204330175913,Very High,True,True,False
2023,TX,Texas,Camp,48063,13000,11,1.0,0.8493024970998938,448.0,84.87821380243572,Very High,True,True,False
2023,WV,West Virginia,Pleasants,54073,7428,11,1.0,0.84808795064407,449.0,84.84438430311232,Very High,True,True,False
2023,MO,Missouri,Howell,29091,40735,11,1.0,0.8457101240377256,450.0,84.8105548037889,Very High,True,True,False
2023,GA,Georgia,Bibb,13021,156512,11,1.0,0.8449714993552303,451.0,84.7767253044655,Very High,True,True,False
2023,GA,Georgia,Laurens,13175,49941,11,1.0,0.844261369584018,452.0,84.74289580514208,Very High,True,True,False
2023,SC,South Carolina,Clarendon,45027,31004,11,1.0,0.8434209529317637,453.0,84.70906630581867,Very High,True,True,False
2023,TN,Tennessee,Humphreys,47085,19209,11,1.0,0.8422217256856785,454.0,84.67523680649526,Very High,True,True,False
2023,TX,Texas,Kenedy,48261,343,11,1.0,0.842038980075341,455.0,84.64140730717186,Very High,True,True,False
2023,AR,Arkansas,Columbia,5027,22150,11,1.0,0.8408660313063042,456.0,84.60757780784844,Very High,True,True,False
2023,VA,Virginia,Halifax,51083,33432,11,1.0,0.8382243870065615,457.0,84.57374830852503,Very High,True,True,False
2023,TX,Texas,Cameron,48061,426710,11,1.0,0.8369042907826927,458.0,84.53991880920162,Very High,True,True,False
2023,LA,Louisiana,Pointe Coupee,22077,20000,11,1.0,0.8353536961805097,459.0,84.50608930987822,Very High,True,True,False
2023,GA,Georgia,Miller,13201,5747,11,1.0,0.8332682926181566,460.0,84.4722598105548,Very High,True,True,False
2023,VA,Virginia,Norton,51720,3492,11,1.0,0.8329202288021769,461.0,84.4384303112314,Very High,True,True,False
2023,WV,West Virginia,Grant,54023,10921,11,1.0,0.832082076747533,462.0,84.40460081190798,Very High,True,True,False
2023,TX,Texas,Webb,48479,269148,11,1.0,0.8302230701751337,463.0,84.37077131258457,Very High,True,True,False
2023,MO,Missouri,Morgan,29141,21970,11,1.0,0.8302053148038057,464.0,84.33694181326116,Very High,True,True,False
2023,WV,West Virginia,Hancock,54029,28145,11,1.0,0.8300647598690457,465.0,84.30311231393776,Very High,True,True,False
2023,MO,Missouri,Knox,29103,3723,11,1.0,0.8284852986714959,466.0,84.26928281461434,Very High,True,True,False
2023,AL,Alabama,Fayette,1057,15967,11,1.0,0.8280980364079213,467.0,84.23545331529093,Very High,True,True,False
2023,AR,Arkansas,Johnson,5071,26129,11,1.0,0.82782536872942,468.0,84.20162381596752,Very High,True,True,False
2023,TX,Texas,Pecos,48371,14623,11,1.0,0.8275020104806378,469.0,84.16779431664412,Very High,True,True,False
2023,WV,West Virginia,Preston,54077,34099,11,1.0,0.8261244031020649,470.0,84.1339648173207,Very High,True,True,False
2023,TX,Texas,Falls,48145,17286,11,1.0,0.82493618898086,471.0,84.1001353179973,Very High,True,True,False
2023,TX,Texas,Angelina,48005,87319,11,1.0,0.8248884162005659,472.0,84.06630581867388,Very High,True,True,False
2023,MS,Mississippi,Attala,28007,17359,11,1.0,0.8234669905806226,473.0,84.03247631935047,Very High,True,True,False
2023,WV,West Virginia,Pendleton,54071,6029,11,1.0,0.8233924474669053,474.0,83.99864682002706,Very High,True,True,False
2023,MS,Mississippi,Monroe,28095,33609,11,1.0,0.823134784196442,475.0,83.96481732070366,Very High,True,True,False
2023,IN,Indiana,Parke,18121,16484,11,1.0,0.8215092256197046,476.0,83.93098782138024,Very High,True,True,False
2023,VA,Virginia,Franklin,51620,8339,11,1.0,0.8198899984751361,477.0,83.89715832205682,Very High,True,True,False
2023,WV,West Virginia,Marshall,54051,29405,11,1.0,0.8163659750056876,478.0,83.86332882273342,Very High,True,True,False
2023,WV,West Virginia,Hampshire,54027,23649,11,1.0,0.8155876813698235,479.0,83.82949932341002,Very High,True,True,False
2023,TN,Tennessee,Union,47173,20741,11,1.0,0.8152274259495975,480.0,83.7956698240866,Very High,True,True,False
2023,AR,Arkansas,Yell,5149,20044,11,1.0,0.814281796504824,481.0,83.7618403247632,Very High,True,True,False
2023,MS,Mississippi,Clarke,28023,15228,11,1.0,0.8142658830115388,482.0,83.72801082543978,Very High,True,True,False
2023,NV,Nevada,Eureka,32011,1917,11,1.0,0.8116438608397192,483.0,83.69418132611636,Very High,True,True,False
2023,LA,Louisiana,Rapides,22079,126260,11,1.0,0.811346841563629,484.0,83.66035182679296,Very High,True,True,False
2023,TN,Tennessee,Cumberland,47035,64760,11,1.0,0.8111299563389406,485.0,83.62652232746956,Very High,True,True,False
2023,VA,Virginia,Wise,51195,35174,11,1.0,0.8099495271398641,486.0,83.59269282814614,Very High,True,True,False
2023,TX,Texas,Titus,48449,31357,11,1.0,0.8084363455609686,487.0,83.55886332882272,Very High,True,True,False
2023,GA,Georgia,Marion,13197,7440,11,1.0,0.8072835677108042,488.0,83.52503382949934,Very High,True,True,False
2023,AL,Alabama,Lamar,1075,13661,11,1.0,0.8007342101987139,489.0,83.49120433017592,Very High,True,True,False
2023,OK,Oklahoma,Cherokee,40021,48185,11,1.0,0.8000070915142128,490.0,83.4573748308525,Very High,True,True,False
2023,TX,Texas,Live Oak,48297,11584,11,1.0,0.8000063984164231,491.0,83.4235453315291,Very High,True,True,False
2023,AL,Alabama,Talladega,1121,81132,11,1.0,0.7996281486632039,492.0,83.38971583220568,Very High,True,True,False
2023,AR,Arkansas,Clark,5019,21274,11,1.0,0.7962277089737451,493.0,83.35588633288228,Very High,True,True,False
2023,AR,Arkansas,Greene,5055,46743,11,1.0,0.7952068346992768,494.0,83.32205683355886,Very High,True,True,False
2023,FL,Florida,Liberty,12077,7706,11,1.0,0.7931012914579333,495.0,83.28822733423546,Very High,True,True,False
2023,NC,North Carolina,Wilson,37195,78970,11,1.0,0.7929615332607306,496.0,83.25439783491204,Very High,True,True,False
2023,FL,Florida,Calhoun,12013,13470,11,1.0,0.7917368961783524,497.0,83.22056833558862,Very High,True,True,False
2023,AL,Alabama,Jackson,1071,53467,11,1.0,0.7912802419651154,498.0,83.18673883626523,Very High,True,True,False
2023,IN,Indiana,Fayette,18041,23362,11,1.0,0.7906880854946349,499.0,83.15290933694182,Very High,True,True,False
2023,AR,Arkansas,Little River,5081,11805,11,1.0,0.7878531211808585,500.0,83.1190798376184,Very High,True,True,False
2023,MS,Mississippi,Lauderdale,28075,70527,11,1.0,0.787625343147688,501.0,83.085250338295,Very High,True,True,False
2023,GA,Georgia,Sumter,13261,28890,11,1.0,0.78632918854702,502.0,83.05142083897158,Very High,True,True,False
2023,FL,Florida,Union,12125,15532,11,1.0,0.7857021310211845,503.0,83.01759133964818,Very High,True,True,False
2023,GA,Georgia,Dooly,13093,10981,11,1.0,0.7848887734830804,504.0,82.98376184032476,Very High,True,True,False
2023,GA,Georgia,Meriwether,13199,20931,11,1.0,0.7843789474240276,505.0,82.94993234100136,Very High,True,True,False
2023,AR,Arkansas,Polk,5113,19436,11,1.0,0.7814439078995578,506.0,82.91610284167794,Very High,True,True,False
2023,LA,Louisiana,Tangipahoa,22105,138064,11,1.0,0.7804102072163551,507.0,82.88227334235452,Very High,True,True,False
2023,OK,Oklahoma,Beckham,40009,22042,11,1.0,0.780354426962666,508.0,82.84844384303113,Very High,True,True,False
2023,AR,Arkansas,Madison,5087,17775,11,1.0,0.7797077518995971,509.0,82.81461434370772,Very High,True,True,False
2023,WV,West Virginia,Kanawha,54039,174805,11,1.0,0.7794036145604029,510.0,82.7807848443843,Very High,True,True,False
2023,GA,Georgia,Wilkes,13317,9518,11,1.0,0.779389523077712,511.0,82.7469553450609,Very High,True,True,False
2023,AL,Alabama,Etowah,1055,103241,11,1.0,0.7776826330218228,512.0,82.71312584573748,Very High,True,True,False
2023,MO,Missouri,Iron,29093,9440,11,1.0,0.7773672588251919,513.0,82.67929634641408,Very High,True,True,False
2023,FL,Florida,Taylor,12123,21582,11,1.0,0.7733122595386064,514.0,82.64546684709066,Very High,True,True,False
2023,TN,Tennessee,Hickman,47081,25826,11,1.0,0.7721727799278809,515.0,82.61163734776726,Very High,True,True,False
2023,GA,Georgia,Dodge,13091,19776,11,1.0,0.7718380959493412,516.0,82.57780784844384,Very High,True,True,False
2023,TX,Texas,Moore,48341,21190,11,1.0,0.7711225439750717,517.0,82.54397834912042,Very High,True,True,False
2023,LA,Louisiana,Grant,22043,21911,11,1.0,0.7696829740401262,518.0,82.51014884979703,Very High,True,True,False
2023,FL,Florida,Okeechobee,12093,41427,11,1.0,0.7681617464039867,519.0,82.47631935047362,Very High,True,True,False
2023,AR,Arkansas,Union,5139,37397,11,1.0,0.767364715005659,520.0,82.4424898511502,Very High,True,True,False
2023,AL,Alabama,Marion,1093,29244,11,1.0,0.7652293691916078,521.0,82.4086603518268,Very High,True,True,False
2023,MS,Mississippi,Tippah,28139,21287,11,1.0,0.7644527710780042,522.0,82.37483085250338,Very High,True,True,False
2023,GA,Georgia,Worth,13321,20273,11,1.0,0.7640453012651889,523.0,82.34100135317998,Very High,True,True,False
2023,AL,Alabama,Clay,1027,14111,11,1.0,0.7633683858816943,524.0,82.30717185385656,Very High,True,True,False
2023,MO,Missouri,Cedar,29039,14672,11,1.0,0.7633394197946596,525.0,82.27334235453316,Very High,True,True,False
2023,VA,Virginia,Bath,51017,4051,11,1.0,0.7631670500371233,526.0,82.23951285520974,Very High,True,True,False
2023,VA,Virginia,Henry,51089,49702,11,1.0,0.7615290569756552,527.0,82.20568335588632,Very High,True,True,False
2023,MO,Missouri,St. Clair,29185,9752,11,1.0,0.7610029643709413,528.0,82.17185385656293,Very High,True,True,False
2023,NC,North Carolina,Vance,37181,42301,11,1.0,0.760901096067058,529.0,82.13802435723952,Very High,True,True,False
2023,AR,Arkansas,Montgomery,5097,8620,11,1.0,0.7600420814181242,530.0,82.1041948579161,Very High,True,True,False
2023,TX,Texas,Floyd,48153,5090,11,1.0,0.7598419715329683,531.0,82.0703653585927,Very High,True,True,False
2023,OK,Oklahoma,Tillman,40141,6869,11,1.0,0.7590585375503719,532.0,82.03653585926928,Very High,True,True,False
2023,TX,Texas,Briscoe,48045,1445,11,1.0,0.7574918165020851,533.0,82.00270635994588,Very High,True,True,False
2023,OH,Ohio,Vinton,39163,12474,11,1.0,0.7573466603919164,534.0,81.96887686062246,Very High,True,True,False
2023,TN,Tennessee,Gibson,47053,51045,11,1.0,0.7550316102438479,535.0,81.93504736129906,Very High,True,True,False
2023,AL,Alabama,Pike,1109,33137,11,1.0,0.754911273113917,536.0,81.90121786197564,Very High,True,True,False
2023,GA,Georgia,Grady,13131,26066,11,1.0,0.7517908343150069,537.0,81.86738836265224,Very High,True,True,False
2023,TN,Tennessee,Houston,47083,8393,11,1.0,0.7513505403583296,538.0,81.83355886332883,Very High,True,True,False
2023,MO,Missouri,Mercer,29129,3469,11,1.0,0.749397360786757,539.0,81.79972936400542,Very High,True,True,False
2023,SC,South Carolina,Darlington,45031,62416,11,1.0,0.7490869815417938,540.0,81.765899864682,Very High,True,True,False
2023,MO,Missouri,Dade,29057,7716,11,1.0,0.7476928730676952,541.0,81.7320703653586,Very High,True,True,False
2023,OK,Oklahoma,Mayes,40097,39889,11,1.0,0.7467452871794961,542.0,81.69824086603519,Very High,True,True,False
2023,MS,Mississippi,Newton,28101,21019,11,1.0,0.7461292257626065,543.0,81.66441136671178,Very High,True,True,False
2023,LA,Louisiana,Terrebonne,22109,103616,11,1.0,0.7459718225115514,544.0,81.63058186738836,Very High,True,True,False
2023,GA,Georgia,Wilkinson,13319,8725,11,1.0,0.7456620223022056,545.0,81.59675236806495,Very High,True,True,False
2023,MO,Missouri,Dallas,29059,17768,11,1.0,0.7441155485485337,546.0,81.56292286874154,Very High,True,True,False
2023,NC,North Carolina,Hyde,37095,4607,11,1.0,0.7427542734293051,547.0,81.52909336941813,Very High,True,True,False
2023,TX,Texas,Houston,48225,22066,11,1.0,0.7424196958497827,548.0,81.49526387009473,Very High,True,True,False
2023,VA,Virginia,Radford,51750,16971,11,1.0,0.742092748785434,549.0,81.46143437077131,Very High,True,True,False
2023,WV,West Virginia,Morgan,54065,17649,11,1.0,0.7419469649782897,550.0,81.4276048714479,Very High,True,True,False
2023,TN,Tennessee,Giles,47055,30721,11,1.0,0.7399683661808756,551.0,81.3937753721245,Very High,True,True,False
2023,MO,Missouri,Clark,29045,6641,11,1.0,0.7382148347138411,552.0,81.35994587280109,Very High,True,True,False
2023,OH,Ohio,Gallia,39053,28986,11,1.0,0.7379905414497198,553.0,81.32611637347767,Very High,True,True,False
2023,MO,Missouri,Shelby,29205,5931,11,1.0,0.7367570796559395,554.0,81.29228687415426,Very High,True,True,False
2023,TX,Texas,Lamb,48279,12711,11,1.0,0.7322543588393138,555.0,81.25845737483085,Very High,True,True,False
2023,GA,Georgia,Clayton,13063,298300,11,1.0,0.7318203318621247,556.0,81.22462787550744,Very High,True,True,False
2023,MO,Missouri,Stoddard,29207,28397,11,1.0,0.7315316989784004,557.0,81.19079837618403,Very High,True,True,False
2023,TN,Tennessee,Trousdale,47169,12271,11,1.0,0.731397696906652,558.0,81.15696887686063,Very High,True,True,False
2023,IN,Indiana,Jay,18075,20032,11,1.0,0.7307496043763785,559.0,81.12313937753721,Very High,True,True,False
2023,GA,Georgia,Irwin,13155,9120,11,1.0,0.730619338240847,560.0,81.0893098782138,Very High,True,True,False
2023,CO,Colorado,Bent,8011,5681,11,1.0,0.7288634117917645,561.0,81.0554803788904,Very High,True,True,False
2023,AR,Arkansas,Scott,5127,9851,11,1.0,0.7260552964716468,562.0,81.02165087956699,Very High,True,True,False
2023,NC,North Carolina,Tyrrell,37177,3461,11,1.0,0.7233837882160047,563.0,80.98782138024357,Very High,True,True,False
2023,TX,Texas,Gonzales,48177,19930,11,1.0,0.7224149063823013,564.0,80.95399188092016,Very High,True,True,False
2023,GA,Georgia,Twiggs,13289,7691,11,1.0,0.721494353814973,565.0,80.92016238159675,Very High,True,True,False
2023,AR,Arkansas,Clay,5021,14201,11,1.0,0.7214002179547505,566.0,80.88633288227334,Very High,True,True,False
2023,OK,Oklahoma,Nowata,40105,9438,11,1.0,0.720331099956412,567.0,80.85250338294993,Very High,True,True,False
2023,AL,Alabama,Dale,1045,49871,11,1.0,0.71893404082657,568.0,80.81867388362653,Very High,True,True,False
2023,OK,Oklahoma,Cotton,40033,5427,11,1.0,0.7182251383064292,569.0,80.78484438430311,Very High,True,True,False
2023,WV,West Virginia,Marion,54049,55807,11,1.0,0.7163856285712554,570.0,80.7510148849797,Very High,True,True,False
2023,AR,Arkansas,Howard,5061,12533,11,1.0,0.7151759586997672,571.0,80.7171853856563,Very High,True,True,False
2023,FL,Florida,Washington,12133,25602,11,1.0,0.7149886012708596,572.0,80.68335588633289,Very High,True,True,False
2023,GA,Georgia,Screven,13251,14174,11,1.0,0.714598692647971,573.0,80.64952638700947,Very High,True,True,False
2023,NC,North Carolina,Columbus,37047,50121,11,1.0,0.7096399031937408,574.0,80.61569688768606,Very High,True,True,False
2023,ND,North Dakota,Benson,38005,5745,11,1.0,0.7072538487869275,575.0,80.58186738836265,Very High,True,True,False
2023,OK,Oklahoma,Marshall,40095,15970,11,1.0,0.7072099611672257,576.0,80.54803788903924,Very High,True,True,False
2023,MO,Missouri,Vernon,29217,19710,11,1.0,0.7051699462950622,577.0,80.51420838971583,Very High,True,True,False
2023,MO,Missouri,Lawrence,29109,38872,11,1.0,0.7033370315024053,578.0,80.48037889039243,Very High,True,True,False
2023,MS,Mississippi,Hinds,28049,214870,11,1.0,0.7015261294185327,579.0,80.44654939106901,Very High,True,True,False
2023,AL,Alabama,Crenshaw,1041,13101,11,1.0,0.7007836391457177,580.0,80.4127198917456,Very High,True,True,False
2023,FL,Florida,Madison,12079,18519,11,1.0,0.6992622411162,581.0,80.37889039242219,Very High,True,True,False
2023,NC,North Carolina,Swain,37173,13916,11,1.0,0.6978482820956954,582.0,80.34506089309879,Very High,True,True,False
2023,OH,Ohio,Marion,39101,64851,11,1.0,0.6975428852628583,583.0,80.31123139377537,Very High,True,True,False
2023,MO,Missouri,Laclede,29105,36680,11,1.0,0.6975185198222432,584.0,80.27740189445196,Very High,True,True,False
2023,GA,Georgia,Toombs,13279,27040,11,1.0,0.6958780439633341,585.0,80.24357239512855,Very High,True,True,False
2023,AL,Alabama,Coosa,1037,10268,11,1.0,0.6954147091264222,586.0,80.20974289580515,Very High,True,True,False
2023,OK,Oklahoma,Bryan,40013,48967,11,1.0,0.6949068890498465,587.0,80.17591339648173,Very High,True,True,False
2023,LA,Louisiana,St. John the Baptist,22095,39592,11,1.0,0.6948329778764498,588.0,80.14208389715833,Very High,True,True,False
2023,TX,Texas,Karnes,48255,15018,11,1.0,0.6947174930851033,589.0,80.10825439783491,Very High,True,True,False
2023,TN,Tennessee,Coffee,47031,60633,11,1.0,0.6912441678764648,590.0,80.0744248985115,Very High,True,True,False
2023,NM,New Mexico,Cibola,35006,26780,11,1.0,0.6911830586058613,591.0,80.04059539918809,Very High,True,True,False
2023,AR,Arkansas,Dallas,5039,6185,11,1.0,0.690431683088181,592.0,80.00676589986469,Very High,True,True,False
2023,GA,Georgia,Tift,13277,41554,11,1.0,0.6895361799473133,593.0,79.97293640054127,High,True,False,False
2023,SC,South Carolina,Chester,45023,32226,11,1.0,0.6878637425414342,594.0,79.93910690121785,High,True,False,False
2023,OH,Ohio,Coshocton,39031,36869,11,1.0,0.6871650669397833,595.0,79.90527740189445,High,True,False,False
2023,TX,Texas,Bailey,48017,6672,11,1.0,0.6862114834580808,596.0,79.87144790257105,High,True,False,False
2023,TX,Texas,Navarro,48349,55635,11,1.0,0.6852020632032702,597.0,79.83761840324763,High,True,False,False
2023,SC,South Carolina,Colleton,45029,38874,11,1.0,0.6851879383369415,598.0,79.80378890392423,High,True,False,False
2023,NC,North Carolina,Martin,37117,21447,11,1.0,0.6818777040395478,599.0,79.76995940460081,High,True,False,False
2023,FL,Florida,Dixie,12029,17465,11,1.0,0.6802857506884298,600.0,79.7361299052774,High,True,False,False
2023,TX,Texas,Marion,48315,9571,11,1.0,0.680151169497825,601.0,79.70230040595399,High,True,False,False
2023,TN,Tennessee,Tipton,47167,62015,11,1.0,0.6800573293070558,602.0,79.66847090663059,High,True,False,False
2023,LA,Louisiana,East Feliciana,22037,19229,11,1.0,0.6782699557614,603.0,79.63464140730717,High,True,False,False
2023,MO,Missouri,Audrain,29007,24394,11,1.0,0.6780031271812292,604.0,79.60081190798375,High,True,False,False
2023,OH,Ohio,Lawrence,39087,56118,11,1.0,0.6776075646380663,605.0,79.56698240866035,High,True,False,False
2023,AR,Arkansas,Cleveland,5025,7378,11,1.0,0.6771291428223862,606.0,79.53315290933695,High,True,False,False
2023,TX,Texas,Hall,48191,2818,11,1.0,0.6769018034592957,607.0,79.49932341001353,High,True,False,False
2023,IN,Indiana,Grant,18053,66200,11,1.0,0.6734109340679025,608.0,79.46549391069013,High,True,False,False
2023,NC,North Carolina,Sampson,37163,59601,11,1.0,0.67276571098004,609.0,79.43166441136671,High,True,False,False
2023,AR,Arkansas,Independence,5063,38320,11,1.0,0.6721543436253539,610.0,79.3978349120433,High,True,False,False
2023,VA,Virginia,Nottoway,51135,15566,11,1.0,0.6716993310571285,611.0,79.36400541271989,High,True,False,False
2023,FL,Florida,Lafayette,12067,8078,11,1.0,0.6714211778909355,612.0,79.33017591339649,High,True,False,False
2023,TX,Texas,San Jacinto,48407,28936,11,1.0,0.6709462831058972,613.0,79.29634641407307,High,True,False,False
2023,MI,Michigan,Clare,26035,31316,11,1.0,0.6705677976869634,614.0,79.26251691474965,High,True,False,False
2023,WV,West Virginia,Tucker,54093,6604,11,1.0,0.6695307258668819,615.0,79.22868741542625,High,True,False,False
2023,IN,Indiana,Daviess,18027,33656,11,1.0,0.6678808958691861,616.0,79.19485791610285,High,True,False,False
2023,WV,West Virginia,Harrison,54033,64639,11,1.0,0.6677433916133804,617.0,79.16102841677943,High,True,False,False
2023,TX,Texas,McMullen,48311,568,11,1.0,0.6665665195510868,618.0,79.12719891745603,High,True,False,False
2023,AK,Alaska,Dillingham,2070,4607,11,1.0,0.6632033210189889,619.0,79.09336941813261,High,True,False,False
2023,NC,North Carolina,Jones,37103,9401,11,1.0,0.662934945293805,620.0,79.0595399188092,High,True,False,False
2023,LA,Louisiana,Vernon,22115,46250,11,1.0,0.6601938963908063,621.0,79.02571041948579,High,True,False,False
2023,MO,Missouri,St. Francois,29187,67058,11,1.0,0.6590620604514187,622.0,78.99188092016239,High,True,False,False
2023,OH,Ohio,Monroe,39111,13153,11,1.0,0.6568648777996832,623.0,78.95805142083897,High,True,False,False
2023,FL,Florida,Jackson,12063,48622,11,1.0,0.6563378156742871,624.0,78.92422192151555,High,True,False,False
2023,GA,Georgia,Brantley,13025,18401,11,1.0,0.6552169991247628,625.0,78.89039242219215,High,True,False,False
2023,TX,Texas,Polk,48373,54186,11,1.0,0.6526952647541407,626.0,78.85656292286875,High,True,False,False
2023,VA,Virginia,Tazewell,51185,39120,11,1.0,0.6504006623051484,627.0,78.82273342354533,High,True,False,False
2023,OH,Ohio,Ross,39141,76501,11,1.0,0.6502451982693019,628.0,78.78890392422193,High,True,False,False
2023,MT,Montana,Blaine,30005,6899,11,1.0,0.6478397253245216,629.0,78.75507442489851,High,True,False,False
2023,MS,Mississippi,Jones,28067,66250,11,1.0,0.6473418055474982,630.0,78.7212449255751,High,True,False,False
2023,OK,Oklahoma,Texas,40139,20371,11,1.0,0.6462823810109146,631.0,78.68741542625169,High,True,False,False
2023,WI,Wisconsin,Forest,55041,9325,11,1.0,0.6417667270621235,632.0,78.65358592692829,High,True,False,False
2023,TX,Texas,Red River,48387,11678,11,1.0,0.6407605216584121,633.0,78.61975642760487,High,True,False,False
2023,MO,Missouri,Bates,29013,16242,11,1.0,0.6381566251932065,634.0,78.58592692828145,High,True,False,False
2023,OH,Ohio,Morgan,39115,13646,11,1.0,0.6365008097631046,635.0,78.55209742895806,High,True,False,False
2023,IN,Indiana,Cass,18017,37666,11,1.0,0.6363490368573684,636.0,78.51826792963465,High,True,False,False
2023,VA,Virginia,Prince Edward,51147,22049,11,1.0,0.6363326564259357,637.0,78.48443843031123,High,True,False,False
2023,MS,Mississippi,Greene,28041,13601,11,1.0,0.6347500209041785,638.0,78.45060893098783,High,True,False,False
2023,GA,Georgia,Upson,13293,28263,11,1.0,0.631935975093897,639.0,78.41677943166441,High,True,False,False
2023,GA,Georgia,Richmond,13245,205414,11,1.0,0.6304028233142259,640.0,78.382949932341,High,True,False,False
2023,TX,Texas,Jefferson,48245,251496,11,1.0,0.6296271798858585,641.0,78.34912043301759,High,True,False,False
2023,TX,Texas,Refugio,48391,6666,11,1.0,0.6290308348541985,642.0,78.31529093369419,High,True,False,False
2023,OK,Oklahoma,Kay,40071,43641,11,1.0,0.6277473608062654,643.0,78.28146143437077,High,True,False,False
2023,GA,Georgia,Bacon,13005,11124,11,1.0,0.6266270937556572,644.0,78.24763193504735,High,True,False,False
2023,MI,Michigan,Oscoda,26135,8545,11,1.0,0.6244231463625405,645.0,78.21380243572395,High,True,False,False
2023,MO,Missouri,Barry,29009,35265,11,1.0,0.6226714758380133,646.0,78.17997293640055,High,True,False,False
2023,TX,Texas,Crane,48103,4574,11,1.0,0.6221721460408901,647.0,78.14614343707713,High,True,False,False
2023,AR,Arkansas,Arkansas,5001,16307,11,1.0,0.6221198020097618,648.0,78.11231393775373,High,True,False,False
2023,AL,Alabama,Washington,1129,15022,11,1.0,0.6213382566824183,649.0,78.07848443843031,High,True,False,False
2023,MS,Mississippi,Alcorn,28003,34135,11,1.0,0.6212800434319897,650.0,78.0446549391069,High,True,False,False
2023,TX,Texas,Limestone,48293,22250,11,1.0,0.6189624474636407,651.0,78.01082543978349,High,True,False,False
2023,VA,Virginia,Buckingham,51029,16978,11,1.0,0.612483646476437,652.0,77.97699594046009,High,True,False,False
2023,NC,North Carolina,Bladen,37017,29484,11,1.0,0.6116841980212682,653.0,77.94316644113667,High,True,False,False
2023,TX,Texas,Walker,48471,81268,11,1.0,0.6103026097446675,654.0,77.90933694181325,High,True,False,False
2023,VA,Virginia,Scott,51169,21433,11,1.0,0.6098714851362401,655.0,77.87550744248986,High,True,False,False
2023,TX,Texas,Edwards,48137,1393,11,1.0,0.6081701608882003,656.0,77.84167794316645,High,True,False,False
2023,GA,Georgia,Baldwin,13009,43396,11,1.0,0.6062584776105783,657.0,77.80784844384303,High,True,False,False
2023,OK,Oklahoma,Pittsburg,40121,43479,11,1.0,0.6061490285114326,658.0,77.77401894451963,High,True,False,False
2023,IN,Indiana,Scott,18143,24657,11,1.0,0.6050807163960689,659.0,77.74018944519621,High,True,False,False
2023,AK,Alaska,Lake and Peninsula,2164,1331,11,1.0,0.604810868316041,660.0,77.7063599458728,High,True,False,False
2023,TX,Texas,Val Verde,48465,47720,11,1.0,0.6037284534402151,661.0,77.67253044654939,High,True,False,False
2023,TN,Tennessee,Sullivan,47163,162135,11,1.0,0.6029840474032749,662.0,77.63870094722598,High,True,False,False
2023,AR,Arkansas,Pope,5115,64593,11,1.0,0.6029836750525811,663.0,77.60487144790257,High,True,False,False
2023,IN,Indiana,Adams,18001,36288,11,1.0,0.6019637012966059,664.0,77.57104194857915,High,True,False,False
2023,MT,Montana,Rosebud,30087,8160,11,1.0,0.600850449273167,665.0,77.53721244925575,High,True,False,False
2023,OH,Ohio,Fayette,39047,28817,11,1.0,0.6004481140084454,666.0,77.50338294993234,High,True,False,False
2023,MO,Missouri,Harrison,29081,8220,11,1.0,0.599965270452391,667.0,77.46955345060893,High,True,False,False
2023,VA,Virginia,Pittsylvania,51143,59571,11,1.0,0.5992242809210726,668.0,77.43572395128552,High,True,False,False
2023,GA,Georgia,McDuffie,13189,21799,11,1.0,0.5990245539014711,669.0,77.40189445196211,High,True,False,False
2023,OK,Oklahoma,Garvin,40049,25865,11,1.0,0.5985067593741543,670.0,77.3680649526387,High,True,False,False
2023,AL,Alabama,Covington,1039,37952,11,1.0,0.5969471725694883,671.0,77.33423545331529,High,True,False,False
2023,MO,Missouri,Douglas,29067,12228,11,1.0,0.5935717219150775,672.0,77.30040595399188,High,True,False,False
2023,TX,Texas,Matagorda,48321,36359,11,1.0,0.5924320318670755,673.0,77.26657645466847,High,True,False,False
2023,OH,Ohio,Brown,39015,43777,11,1.0,0.5906220322310911,674.0,77.23274695534506,High,True,False,False
2023,MO,Missouri,Bollinger,29017,10544,11,1.0,0.5903096691486854,675.0,77.19891745602166,High,True,False,False
2023,VA,Virginia,Russell,51167,25477,11,1.0,0.5891885342990089,676.0,77.16508795669824,High,True,False,False
2023,MO,Missouri,Grundy,29079,9815,11,1.0,0.5890815142086483,677.0,77.13125845737483,High,True,False,False
2023,VA,Virginia,Sussex,51183,10757,11,1.0,0.5874220885347662,678.0,77.09742895805142,High,True,False,False
2023,KS,Kansas,Stevens,20189,5077,11,1.0,0.5838061651419966,679.0,77.06359945872802,High,True,False,False
2023,OH,Ohio,Hocking,39073,27540,11,1.0,0.5832615998506248,680.0,77.0297699594046,High,True,False,False
2023,AR,Arkansas,Pike,5109,10208,11,1.0,0.5830650829830526,681.0,76.99594046008119,High,True,False,False
2023,IN,Indiana,Switzerland,18155,10019,11,1.0,0.5805067602547012,682.0,76.96211096075778,High,True,False,False
2023,MS,Mississippi,Simpson,28127,25715,11,1.0,0.5803797106668102,683.0,76.92828146143437,High,True,False,False
2023,TX,Texas,Real,48385,2854,11,1.0,0.5799957945375894,684.0,76.89445196211096,High,True,False,False
2023,AR,Arkansas,Marion,5089,17514,11,1.0,0.57956863543158,685.0,76.86062246278755,High,True,False,False
2023,TN,Tennessee,Shelby,47157,910042,11,1.0,0.5783438927074126,686.0,76.82679296346414,High,True,False,False
2023,MS,Mississippi,Covington,28031,18059,11,1.0,0.5780218152838017,687.0,76.79296346414073,High,True,False,False
2023,TX,Texas,Collingsworth,48087,2563,11,1.0,0.5771326861451523,688.0,76.75913396481732,High,True,False,False
2023,OH,Ohio,Highland,39071,43614,11,1.0,0.5770465513564077,689.0,76.72530446549392,High,True,False,False
2023,AR,Arkansas,Logan,5083,21400,11,1.0,0.5768308882040215,690.0,76.6914749661705,High,True,False,False
2023,OK,Oklahoma,Lincoln,40081,34562,11,1.0,0.5765354138463817,691.0,76.65764546684709,High,True,False,False
2023,AL,Alabama,Lawrence,1079,33502,11,1.0,0.5762791820568451,692.0,76.62381596752368,High,True,False,False
2023,MO,Missouri,Crawford,29055,22719,11,1.0,0.5755927284890913,693.0,76.58998646820027,High,True,False,False
2023,TN,Tennessee,Anderson,47001,80234,11,1.0,0.5750721377067367,694.0,76.55615696887686,High,True,False,False
2023,MS,Mississippi,Tishomingo,28141,18507,11,1.0,0.5723982629165939,695.0,76.52232746955346,High,True,False,False
2023,AL,Alabama,Walker,1127,64728,11,1.0,0.5720261749999153,696.0,76.48849797023004,High,True,False,False
2023,AZ,Arizona,Navajo,4017,109175,11,1.0,0.5704843994917715,697.0,76.45466847090663,High,True,False,False
2023,LA,Louisiana,Calcasieu,22019,203761,11,1.0,0.5700570097460559,698.0,76.42083897158322,High,True,False,False
2023,TX,Texas,Kleberg,48273,30069,11,1.0,0.5695140090230107,699.0,76.38700947225982,High,True,False,False
2023,GA,Georgia,Seminole,13253,9092,11,1.0,0.5672177359276586,700.0,76.3531799729364,High,True,False,False
2023,GA,Georgia,Lincoln,13181,7879,11,1.0,0.5667219672251819,701.0,76.31935047361299,High,True,False,False
2023,TN,Tennessee,Lincoln,47103,36169,11,1.0,0.5659940988584725,702.0,76.28552097428958,High,True,False,False
2023,AR,Arkansas,Prairie,5117,8036,11,1.0,0.5659360933172443,703.0,76.25169147496617,High,True,False,False
2023,VA,Virginia,Portsmouth,51740,96793,11,1.0,0.5651069453676483,704.0,76.21786197564276,High,True,False,False
2023,LA,Louisiana,St. James,22093,19191,11,1.0,0.5638578220636009,705.0,76.18403247631935,High,True,False,False
2023,VA,Virginia,Westmoreland,51193,19013,11,1.0,0.5629595034015594,706.0,76.15020297699594,High,True,False,False
2023,OK,Oklahoma,Love,40085,10296,11,1.0,0.5622998016443713,707.0,76.11637347767252,High,True,False,False
2023,MO,Missouri,Sullivan,29211,5797,11,1.0,0.5612664011403863,708.0,76.08254397834912,High,True,False,False
2023,LA,Louisiana,LaSalle,22059,14800,11,1.0,0.5610039468551128,709.0,76.04871447902572,High,True,False,False
2023,MS,Mississippi,Union,28145,28284,11,1.0,0.5599331211666218,710.0,76.0148849797023,High,True,False,False
2023,MO,Missouri,Shannon,29203,7238,11,1.0,0.5581352915383412,711.0,75.98105548037888,High,True,False,False
2023,TX,Texas,Ochiltree,48357,9704,11,1.0,0.5577821786892306,712.0,75.94722598105548,High,True,False,False
2023,IN,Indiana,Starke,18149,23206,11,1.0,0.5575303378053249,713.0,75.91339648173206,High,True,False,False
2023,AL,Alabama,Calhoun,1015,116429,11,1.0,0.5552499275834242,714.0,75.87956698240866,High,True,False,False
2023,MI,Michigan,Isabella,26073,64118,11,1.0,0.5551410086640481,715.0,75.84573748308526,High,True,False,False
2023,FL,Florida,Bradford,12007,27858,11,1.0,0.5540690125304426,716.0,75.81190798376184,High,True,False,False
2023,MO,Missouri,Daviess,29061,8551,11,1.0,0.5525137592538149,717.0,75.77807848443842,High,True,False,False
2023,GA,Georgia,Montgomery,13209,8761,11,1.0,0.5523479012361102,718.0,75.74424898511502,High,True,False,False
2023,IN,Indiana,Miami,18103,35402,11,1.0,0.5521498999080834,719.0,75.71041948579162,High,True,False,False
2023,TX,Texas,Mitchell,48335,9075,11,1.0,0.5513411170517223,720.0,75.6765899864682,High,True,False,False
2023,MD,Maryland,Somerset,24039,24910,11,1.0,0.5506019125161594,721.0,75.64276048714478,High,True,False,False
2023,VA,Virginia,Essex,51057,10598,11,1.0,0.5499576613802566,722.0,75.60893098782138,High,True,False,False
2023,AR,Arkansas,White,5145,78452,11,1.0,0.5489424491551426,723.0,75.57510148849798,High,True,False,False
2023,IN,Indiana,Washington,18175,28205,11,1.0,0.5485200714385535,724.0,75.54127198917456,High,True,False,False
2023,LA,Louisiana,Beauregard,22011,36827,11,1.0,0.5469250051385115,725.0,75.50744248985114,High,True,False,False
2023,AR,Arkansas,Hot Spring,5059,33258,11,1.0,0.5462814946010656,726.0,75.47361299052774,High,True,False,False
2023,VA,Virginia,Accomack,51001,33239,11,1.0,0.545428598524334,727.0,75.43978349120432,High,True,False,False
2023,AR,Arkansas,Carroll,5015,28814,11,1.0,0.5434955533409656,728.0,75.40595399188092,High,True,False,False
2023,AR,Arkansas,Newton,5101,7071,11,1.0,0.5430783575715814,729.0,75.37212449255752,High,True,False,False
2023,GA,Georgia,Polk,13233,44223,11,1.0,0.5427713993815195,730.0,75.3382949932341,High,True,False,False
2023,OK,Oklahoma,Comanche,40031,121574,11,1.0,0.5425018457250483,731.0,75.30446549391068,High,True,False,False
2023,IN,Indiana,Sullivan,18153,20757,11,1.0,0.5411732132938236,732.0,75.27063599458728,High,True,False,False
2023,OR,Oregon,Morrow,41049,12302,11,1.0,0.5404724077727585,733.0,75.23680649526388,High,True,False,False
2023,TX,Texas,Uvalde,48463,24960,11,1.0,0.5382603525732829,734.0,75.20297699594046,High,True,False,False
2023,MO,Missouri,Worth,29227,1907,11,1.0,0.5367598207226056,735.0,75.16914749661706,High,True,False,False
2023,GA,Georgia,Elbert,13105,20013,11,1.0,0.5355199868885251,736.0,75.13531799729364,High,True,False,False
2023,TX,Texas,Lynn,48305,5761,11,1.0,0.5352797103025263,737.0,75.10148849797022,High,True,False,False
2023,GA,Georgia,Franklin,13119,24782,11,1.0,0.5346245012522939,738.0,75.06765899864682,High,True,False,False
2023,OH,Ohio,Clark,39023,134610,11,1.0,0.5340467848173021,739.0,75.03382949932342,High,True,False,False
2023,IN,Indiana,LaGrange,18087,40907,11,1.0,0.5339262872151179,740.0,75.0,High,True,False,False
2023,AL,Alabama,Montgomery,1101,224980,11,1.0,0.5330222647433026,741.0,74.96617050067658,High,True,False,False
2023,OK,Oklahoma,Pawnee,40117,15864,11,1.0,0.5326006070222289,742.0,74.93234100135318,High,True,False,False
2023,OK,Oklahoma,Stephens,40137,44014,11,1.0,0.5318658972917523,743.0,74.89851150202978,High,True,False,False
2023,SC,South Carolina,Cherokee,45021,56714,11,1.0,0.5318462584824682,744.0,74.86468200270636,High,True,False,False
2023,MO,Missouri,Polk,29167,32780,11,1.0,0.5306873679856898,745.0,74.83085250338294,High,True,False,False
2023,OK,Oklahoma,Pottawatomie,40125,73791,11,1.0,0.5297004738318639,746.0,74.79702300405954,High,True,False,False
2023,TX,Texas,Madison,48313,13742,11,1.0,0.5255590892309873,747.0,74.76319350473612,High,True,False,False
2023,IN,Indiana,Vigo,18167,106153,11,1.0,0.5250050376425227,748.0,74.72936400541272,High,True,False,False
2023,TX,Texas,Morris,48343,12066,11,1.0,0.524456592953395,749.0,74.69553450608932,High,True,False,False
2023,TN,Tennessee,Smith,47159,20538,11,1.0,0.5233739376948157,750.0,74.6617050067659,High,True,False,False
2023,TX,Texas,San Patricio,48409,70660,11,1.0,0.5232346509186924,751.0,74.62787550744248,High,True,False,False
2023,TN,Tennessee,Marshall,47117,36961,11,1.0,0.522429314793783,752.0,74.59404600811908,High,True,False,False
2023,UT,Utah,San Juan,49037,14358,11,1.0,0.5209334390451397,753.0,74.56021650879568,High,True,False,False
2023,NC,North Carolina,Duplin,37061,49520,11,1.0,0.5209263717997299,754.0,74.52638700947226,High,True,False,False
2023,OH,Ohio,Jefferson,39081,64026,11,1.0,0.5207440283207102,755.0,74.49255751014886,High,True,False,False
2023,OH,Ohio,Guernsey,39059,38089,11,1.0,0.5200374693785883,756.0,74.45872801082544,High,True,False,False
2023,OH,Ohio,Hardin,39065,30368,11,1.0,0.5192615105592664,757.0,74.42489851150202,High,True,False,False
2023,NV,Nevada,Esmeralda,32009,736,11,1.0,0.5179716686035598,758.0,74.39106901217862,High,True,False,False
2023,ME,Maine,Washington,23029,31555,11,1.0,0.5156694902079653,759.0,74.35723951285522,High,True,False,False
2023,IN,Indiana,Delaware,18035,112321,11,1.0,0.514081687474169,760.0,74.3234100135318,High,True,False,False
2023,OH,Ohio,Harrison,39067,14159,11,1.0,0.5120945575585512,761.0,74.28958051420838,High,True,False,False
2023,TN,Tennessee,Sevier,47155,99415,11,1.0,0.5119893288416592,762.0,74.25575101488498,High,True,False,False
2023,TX,Texas,King,48269,217,11,1.0,0.510891916799642,763.0,74.22192151556158,High,True,False,False
2023,IN,Indiana,Wayne,18177,66127,11,1.0,0.5102578200295639,764.0,74.18809201623816,High,True,False,False
2023,TX,Texas,Cherokee,48073,52217,11,1.0,0.5098536709136028,765.0,74.15426251691474,High,True,False,False
2023,FL,Florida,Holmes,12059,19944,11,1.0,0.5094188975668495,766.0,74.12043301759134,High,True,False,False
2023,TX,Texas,Gaines,48165,22523,11,1.0,0.5090451324390325,767.0,74.08660351826794,High,True,False,False
2023,GA,Georgia,Spalding,13255,69946,11,1.0,0.5088476494926809,768.0,74.05277401894452,High,True,False,False
2023,MO,Missouri,Dent,29065,14647,11,1.0,0.5088331734696617,769.0,74.01894451962112,High,True,False,False
2023,TX,Texas,Anderson,48001,57736,11,1.0,0.508289211246623,770.0,73.9851150202977,High,True,False,False
2023,MS,Mississippi,Lincoln,28085,34702,11,1.0,0.5082860362927383,771.0,73.95128552097428,High,True,False,False
2023,MO,Missouri,Pike,29163,17935,11,1.0,0.5065153005084416,772.0,73.91745602165088,High,True,False,False
2023,TN,Tennessee,Roane,47145,56096,11,1.0,0.5054216761248228,773.0,73.88362652232748,High,True,False,False
2023,TX,Texas,Cass,48067,28659,11,1.0,0.5052987441234114,774.0,73.84979702300406,High,True,False,False
2023,NM,New Mexico,Torrance,35057,15633,11,1.0,0.5038622095770496,775.0,73.81596752368065,High,True,False,False
2023,NC,North Carolina,Chowan,37041,13891,11,1.0,0.5029035004413968,776.0,73.78213802435724,High,True,False,False
2023,OH,Ohio,Noble,39121,14311,11,1.0,0.5020737813877627,777.0,73.74830852503383,High,True,False,False
2023,WV,West Virginia,Mineral,54057,26867,11,1.0,0.5002357148339589,778.0,73.71447902571042,High,True,False,False
2023,TX,Texas,Jones,48253,20381,11,1.0,0.5000575384045504,779.0,73.68064952638701,High,True,False,False
2023,MS,Mississippi,Prentiss,28117,25135,11,1.0,0.4990994052092707,780.0,73.6468200270636,High,True,False,False
2023,SC,South Carolina,Saluda,45081,19123,11,1.0,0.4968971894022107,781.0,73.61299052774018,High,True,False,False
2023,MO,Missouri,Henry,29083,22485,11,1.0,0.4942184901130314,782.0,73.57916102841678,High,True,False,False
2023,FL,Florida,Columbia,12023,73063,11,1.0,0.4940360074392225,783.0,73.54533152909337,High,True,False,False
2023,AL,Alabama,Henry,1067,17899,11,1.0,0.4940305614728094,784.0,73.51150202976996,High,True,False,False
2023,TX,Texas,Atascosa,48013,51784,11,1.0,0.4937111123579855,785.0,73.47767253044654,High,True,False,False
2023,OK,Oklahoma,Osage,40113,46130,11,1.0,0.4906472257027766,786.0,73.44384303112314,High,True,False,False
2023,TN,Tennessee,Putnam,47141,83844,11,1.0,0.4903410675076186,787.0,73.41001353179973,High,True,False,False
2023,VA,Virginia,Mecklenburg,51117,30648,11,1.0,0.4902856771698721,788.0,73.37618403247632,High,True,False,False
2023,TX,Texas,Lee,48287,18240,11,1.0,0.4849715693140924,789.0,73.34235453315291,High,True,False,False
2023,AL,Alabama,Houston,1069,108462,11,1.0,0.4828904624047191,790.0,73.3085250338295,High,True,False,False
2023,OK,Oklahoma,Carter,40019,48596,11,1.0,0.4828571524803361,791.0,73.27469553450608,High,True,False,False
2023,MO,Missouri,Jasper,29097,125056,11,1.0,0.4817922722554977,792.0,73.24086603518268,High,True,False,False
2023,TX,Texas,Nacogdoches,48347,65375,11,1.0,0.4808535211197192,793.0,73.20703653585927,High,True,False,False
2023,TN,Tennessee,Moore,47127,6748,11,1.0,0.4800889603875337,794.0,73.17320703653586,High,True,False,False
2023,WV,West Virginia,Berkeley,54003,132440,11,1.0,0.4798470596676897,795.0,73.13937753721245,High,True,False,False
2023,TX,Texas,Caldwell,48055,49859,11,1.0,0.4789983426598743,796.0,73.10554803788904,High,True,False,False
2023,AL,Alabama,Cherokee,1019,25666,11,1.0,0.4787505001174764,797.0,73.07171853856563,High,True,False,False
2023,TX,Texas,Bee,48025,30850,11,1.0,0.47739556319366,798.0,73.03788903924222,High,True,False,False
2023,MO,Missouri,Lewis,29111,9818,11,1.0,0.4772168176660893,799.0,73.00405953991881,High,True,False,False
2023,AR,Arkansas,Cleburne,5023,25445,11,1.0,0.4746344060851468,800.0,72.9702300405954,High,True,False,False
2023,IN,Indiana,Benton,18007,8729,11,1.0,0.474327470148278,801.0,72.93640054127198,High,True,False,False
2023,TX,Texas,Sutton,48435,3221,11,1.0,0.4739695843294477,802.0,72.90257104194858,High,True,False,False
2023,VA,Virginia,Smyth,51173,29216,11,1.0,0.4737352900668999,803.0,72.86874154262517,High,True,False,False
2023,OR,Oregon,Malheur,41045,32044,11,1.0,0.473553246341089,804.0,72.83491204330176,High,True,False,False
2023,OH,Ohio,Muskingum,39119,86305,11,1.0,0.4729587243981712,805.0,72.80108254397834,High,True,False,False
2023,GA,Georgia,Madison,13195,32191,11,1.0,0.4722999024152871,806.0,72.76725304465494,High,True,False,False
2023,MO,Missouri,Buchanan,29021,82956,11,1.0,0.4710591385934709,807.0,72.73342354533153,High,True,False,False
2023,WV,West Virginia,Ohio,54069,41194,11,1.0,0.4706358015157575,808.0,72.69959404600812,High,True,False,False
2023,TN,Tennessee,Franklin,47051,44654,11,1.0,0.4677934573461531,809.0,72.66576454668471,High,True,False,False
2023,NM,New Mexico,San Juan,35045,120675,11,1.0,0.4663960339614327,810.0,72.6319350473613,High,True,False,False
2023,TN,Tennessee,Bradley,47011,111579,11,1.0,0.4645641614655684,811.0,72.59810554803789,High,True,False,False
2023,VA,Virginia,Carroll,51035,29239,11,1.0,0.4635488151199531,812.0,72.56427604871448,High,True,False,False
2023,AL,Alabama,Randolph,1111,22786,11,1.0,0.463445175259497,813.0,72.53044654939107,High,True,False,False
2023,SC,South Carolina,Abbeville,45001,24434,11,1.0,0.4615288700911915,814.0,72.49661705006766,High,True,False,False
2023,TX,Texas,Jack,48237,8875,11,1.0,0.4615113163785188,815.0,72.46278755074425,High,True,False,False
2023,AR,Arkansas,Perry,5105,10184,11,1.0,0.4595120036633187,816.0,72.42895805142085,High,True,False,False
2023,OK,Oklahoma,Murray,40099,13754,11,1.0,0.4580654275492048,817.0,72.39512855209743,High,True,False,False
2023,AR,Arkansas,Baxter,5005,42875,11,1.0,0.4550997270326601,818.0,72.36129905277402,High,True,False,False
2023,IN,Indiana,Jennings,18079,27622,11,1.0,0.4518733361159495,819.0,72.32746955345061,High,True,False,False
2023,SD,South Dakota,Lyman,46085,3705,11,1.0,0.4504456743214097,820.0,72.2936400541272,High,True,False,False
2023,NM,New Mexico,Chaves,35005,63561,11,1.0,0.4503127141739595,821.0,72.25981055480379,High,True,False,False
2023,MS,Mississippi,Choctaw,28019,8088,11,1.0,0.4502851529945056,822.0,72.22598105548037,High,True,False,False
2023,WV,West Virginia,Brooke,54009,21373,11,1.0,0.45007168548624,823.0,72.19215155615697,High,True,False,False
2023,MI,Michigan,Baraga,26013,8310,11,1.0,0.44910137360552,824.0,72.15832205683355,High,True,False,False
2023,TX,Texas,Trinity,48455,14228,11,1.0,0.4489981661979199,825.0,72.12449255751014,High,True,False,False
2023,MO,Missouri,Monroe,29137,8698,11,1.0,0.4474513716075904,826.0,72.09066305818675,High,True,False,False
2023,MO,Missouri,Benton,29015,20552,11,1.0,0.4468526811806527,827.0,72.05683355886333,High,True,False,False
2023,TX,Texas,DeWitt,48123,19929,11,1.0,0.4431158675575446,828.0,72.02300405953991,High,True,False,False
2023,GA,Georgia,Stephens,13257,27228,11,1.0,0.4412034363444954,829.0,71.98917456021651,High,True,False,False
2023,MO,Missouri,Scott,29201,37889,11,1.0,0.4396697733562868,830.0,71.9553450608931,High,True,False,False
2023,MI,Michigan,Iosco,26069,25373,11,1.0,0.4394250207584548,831.0,71.92151556156969,High,True,False,False
2023,VA,Virginia,Harrisonburg,51660,51082,11,1.0,0.4387123392368675,832.0,71.88768606224627,High,True,False,False
2023,IN,Indiana,Greene,18055,31196,11,1.0,0.43734212756479,833.0,71.85385656292287,High,True,False,False
2023,TX,Texas,Gray,48179,20916,11,1.0,0.4367081632565201,834.0,71.82002706359945,High,True,False,False
2023,AR,Arkansas,Crawford,5033,61891,11,1.0,0.4353594454538109,835.0,71.78619756427605,High,True,False,False
2023,TX,Texas,Lamar,48277,51127,11,1.0,0.4343127244180395,836.0,71.75236806495265,High,True,False,False
2023,WA,Washington,Adams,53001,20820,11,1.0,0.4336207147065758,837.0,71.71853856562923,High,True,False,False
2023,ME,Maine,Somerset,23025,51302,11,1.0,0.4315948623929894,838.0,71.68470906630581,High,True,False,False
2023,SD,South Dakota,Roberts,46109,10206,11,1.0,0.425589137555078,839.0,71.65087956698241,High,True,False,False
2023,TX,Texas,Haskell,48207,5385,11,1.0,0.4253264306605843,840.0,71.617050067659,High,True,False,False
2023,NM,New Mexico,Quay,35037,8510,11,1.0,0.4248912513855858,841.0,71.58322056833559,High,True,False,False
2023,MI,Michigan,Wayne,26163,1751169,11,1.0,0.4243789420177469,842.0,71.54939106901217,High,True,False,False
2023,IN,Indiana,Orange,18117,19638,11,1.0,0.4235400202764223,843.0,71.51556156968877,High,True,False,False
2023,NE,Nebraska,Thurston,31173,6557,11,1.0,0.4218170842918263,844.0,71.48173207036535,High,True,False,False
2023,OH,Ohio,Perry,39127,35551,11,1.0,0.4215234176001491,845.0,71.44790257104194,High,True,False,False
2023,FL,Florida,Suwannee,12121,46130,11,1.0,0.4215088216731544,846.0,71.41407307171855,High,True,False,False
2023,MS,Mississippi,Pontotoc,28115,31535,11,1.0,0.4205342327198256,847.0,71.38024357239513,High,True,False,False
2023,AL,Alabama,Tallapoosa,1123,40677,11,1.0,0.4204275813307289,848.0,71.34641407307171,High,True,False,False
2023,SC,South Carolina,Laurens,45059,68873,11,1.0,0.4200739059213674,849.0,71.31258457374831,High,True,False,False
2023,AL,Alabama,Chilton,1021,46431,11,1.0,0.4190411112256989,850.0,71.2787550744249,High,True,False,False
2023,TX,Texas,Crockett,48105,2858,11,1.0,0.4164091438850403,851.0,71.24492557510149,High,True,False,False
2023,IN,Indiana,Elkhart,18039,206409,11,1.0,0.4159309926997707,852.0,71.21109607577807,High,True,False,False
2023,OK,Oklahoma,Greer,40055,5466,11,1.0,0.4122358607115481,853.0,71.17726657645467,High,True,False,False
2023,AL,Alabama,Coffee,1031,55643,11,1.0,0.4107955994699336,854.0,71.14343707713125,High,True,False,False
2023,KS,Kansas,Wyandotte,20209,165281,11,1.0,0.4100756811685945,855.0,71.10960757780785,High,True,False,False
2023,VA,Virginia,Charles City,51036,6610,11,1.0,0.4093304501530539,856.0,71.07577807848445,High,True,False,False
2023,TX,Texas,Ward,48475,10966,11,1.0,0.4067082827123345,857.0,71.04194857916103,High,True,False,False
2023,OH,Ohio,Athens,39009,62706,11,1.0,0.4065427373631954,858.0,71.00811907983761,High,True,False,False
2023,IA,Iowa,Appanoose,19007,12119,11,1.0,0.4055113435100718,859.0,70.97428958051421,High,True,False,False
2023,GA,Georgia,Bleckley,13023,12465,11,1.0,0.4042698268352359,860.0,70.9404600811908,High,True,False,False
2023,OK,Oklahoma,Jackson,40065,24669,11,1.0,0.4040334183682517,861.0,70.90663058186739,High,True,False,False
2023,CA,California,Madera,6039,162858,11,1.0,0.4037359246179823,862.0,70.87280108254397,High,True,False,False
2023,OH,Ohio,Crawford,39033,41529,11,1.0,0.4031382088610051,863.0,70.83897158322057,High,True,False,False
2023,MO,Missouri,Montgomery,29139,11459,11,1.0,0.4028431294696155,864.0,70.80514208389715,High,True,False,False
2023,NC,North Carolina,Wayne,37191,118686,11,1.0,0.4023837754446763,865.0,70.77131258457375,High,True,False,False
2023,AR,Arkansas,Craighead,5031,113993,11,1.0,0.4009412087507151,866.0,70.73748308525035,High,True,False,False
2023,MO,Missouri,Scotland,29199,4676,11,1.0,0.4007985570495199,867.0,70.70365358592693,High,True,False,False
2023,MI,Michigan,Ogemaw,26129,20990,11,1.0,0.4000991088460333,868.0,70.66982408660351,High,True,False,False
2023,KS,Kansas,Chautauqua,20019,3347,11,1.0,0.3998431169417825,869.0,70.63599458728011,High,True,False,False
2023,ME,Maine,Aroostook,23003,67351,11,1.0,0.3995964317692512,870.0,70.6021650879567,High,True,False,False
2023,MO,Missouri,Webster,29225,41472,11,1.0,0.3992652893658261,871.0,70.56833558863329,High,True,False,False
2023,AR,Arkansas,Sebastian,5131,129098,11,1.0,0.3990492852183539,872.0,70.53450608930987,High,True,False,False
2023,MD,Maryland,Allegany,24001,67273,11,1.0,0.39820345134786,873.0,70.50067658998647,High,True,False,False
2023,TN,Tennessee,Jefferson,47089,57838,11,1.0,0.3981460250212887,874.0,70.46684709066305,High,True,False,False
2023,TX,Texas,Knox,48275,3302,11,1.0,0.3979945440712022,875.0,70.43301759133965,High,True,False,False
2023,TN,Tennessee,Stewart,47161,14222,11,1.0,0.3972294357408563,876.0,70.39918809201625,High,True,False,False
2023,IL,Illinois,Vermilion,17183,71652,11,1.0,0.3953666194411016,877.0,70.36535859269283,High,True,False,False
2023,NM,New Mexico,Socorro,35053,15963,11,1.0,0.3940371858498887,878.0,70.33152909336941,High,True,False,False
2023,VA,Virginia,Amelia,51007,13480,11,1.0,0.390362888285232,879.0,70.29769959404601,High,True,False,False
2023,AL,Alabama,Marshall,1095,100756,11,1.0,0.3900648198095855,880.0,70.2638700947226,High,True,False,False
2023,OH,Ohio,Trumbull,39155,200373,11,1.0,0.3897926892864525,881.0,70.23004059539919,High,True,False,False
2023,OH,Ohio,Columbiana,39029,100182,11,1.0,0.3895816810540525,882.0,70.19621109607577,High,True,False,False
2023,MI,Michigan,Mackinac,26097,10851,11,1.0,0.3891714012268746,883.0,70.16238159675237,High,True,False,False
2023,MT,Montana,Pondera,30073,6125,11,1.0,0.3888910843369697,884.0,70.12855209742895,High,True,False,False
2023,CA,California,Imperial,6025,179057,11,1.0,0.3856735126750642,885.0,70.09472259810555,High,True,False,False
2023,MO,Missouri,Gentry,29075,6287,11,1.0,0.3841239845550746,886.0,70.06089309878215,High,True,False,False
2023,KS,Kansas,Seward,20175,21067,11,1.0,0.3839570480646939,887.0,70.02706359945873,High,True,False,False
2023,MS,Mississippi,Stone,28131,18756,11,1.0,0.3834940499861243,888.0,69.99323410013531,High,True,False,False
2023,OK,Oklahoma,Custer,40039,28266,11,1.0,0.3831242908741661,889.0,69.95940460081191,High,True,False,False
2023,MO,Missouri,Atchison,29005,5107,11,1.0,0.3823456515649158,890.0,69.9255751014885,High,True,False,False
2023,NV,Nevada,Nye,32023,55720,11,1.0,0.3814519478575974,891.0,69.89174560216509,High,True,False,False
2023,TX,Texas,Ector,48135,164494,11,1.0,0.3803411771333916,892.0,69.85791610284167,High,True,False,False
2023,ID,Idaho,Butte,16023,2758,11,1.0,0.3801891160330546,893.0,69.82408660351827,High,True,False,False
2023,GA,Georgia,Muscogee,13215,201877,11,1.0,0.3795823285090238,894.0,69.79025710419485,High,True,False,False
2023,KS,Kansas,Harper,20077,5435,11,1.0,0.3782634250668593,895.0,69.75642760487145,High,True,False,False
2023,VA,Virginia,Buena Vista,51530,6566,11,1.0,0.3771555797820795,896.0,69.72259810554804,High,True,False,False
2023,NC,North Carolina,Surry,37171,71462,11,1.0,0.3758529196296631,897.0,69.68876860622463,High,True,False,False
2023,GA,Georgia,Pierce,13229,20425,11,1.0,0.3752982472387662,898.0,69.65493910690121,High,True,False,False
2023,GA,Georgia,Troup,13285,70742,11,1.0,0.3739314201194803,899.0,69.62110960757781,High,True,False,False
2023,IN,Indiana,Fulton,18049,20358,11,1.0,0.3729864886702522,900.0,69.5872801082544,High,True,False,False
2023,MO,Missouri,Livingston,29117,14557,11,1.0,0.3709034316888987,901.0,69.55345060893099,High,True,False,False
2023,MI,Michigan,Schoolcraft,26153,8149,11,1.0,0.3702946344205983,902.0,69.51962110960757,High,True,False,False
2023,OK,Oklahoma,Blaine,40011,8539,11,1.0,0.3695285835888585,903.0,69.48579161028417,High,True,False,False
2023,MS,Mississippi,Warren,28149,42298,11,1.0,0.3691797754715473,904.0,69.45196211096076,High,True,False,False
2023,TX,Texas,Castro,48069,7227,11,1.0,0.3691607033032935,905.0,69.41813261163735,High,True,False,False
2023,VA,Virginia,Bristol,51520,16807,11,1.0,0.3690354302323744,906.0,69.38430311231394,High,True,False,False
2023,AL,Alabama,Cleburne,1029,15639,11,1.0,0.3688313670519104,907.0,69.35047361299053,High,True,False,False
2023,NC,North Carolina,Hoke,37093,54446,11,1.0,0.3684143744251962,908.0,69.31664411366711,High,True,False,False
2023,NM,New Mexico,Sierra,35051,11488,11,1.0,0.3679700462960137,909.0,69.2828146143437,High,True,False,False
2023,OK,Oklahoma,Roger Mills,40129,3295,11,1.0,0.3673123945803304,910.0,69.2489851150203,High,True,False,False
2023,OH,Ohio,Richland,39139,125064,11,1.0,0.3660249407908905,911.0,69.21515561569689,High,True,False,False
2023,GA,Georgia,Chattahoochee,13053,8661,11,1.0,0.3649313260889771,912.0,69.18132611637347,High,True,False,False
2023,MO,Missouri,Randolph,29175,24109,11,1.0,0.3640740606280726,913.0,69.14749661705007,High,True,False,False
2023,TX,Texas,Hardeman,48197,3490,11,1.0,0.3637595270609047,914.0,69.11366711772666,High,True,False,False
2023,TX,Texas,Palo Pinto,48363,29747,11,1.0,0.3634804432329426,915.0,69.07983761840325,High,True,False,False
2023,TX,Texas,Jeff Davis,48243,1856,11,1.0,0.3632225323875882,916.0,69.04600811907984,High,True,False,False
2023,IN,Indiana,Henry,18065,48929,11,1.0,0.3623727779788277,917.0,69.01217861975643,High,True,False,False
2023,MT,Montana,Hill,30041,16276,11,1.0,0.3600704103649843,918.0,68.97834912043301,High,True,False,False
2023,NC,North Carolina,Montgomery,37123,26085,11,1.0,0.3576976305759025,919.0,68.9445196211096,High,True,False,False
2023,MI,Michigan,Montmorency,26119,9678,11,1.0,0.3548318725600419,920.0,68.9106901217862,High,True,False,False
2023,SC,South Carolina,Florence,45041,137214,11,1.0,0.3542992222850123,921.0,68.87686062246279,High,True,False,False
2023,VA,Virginia,Roanoke,51770,97171,11,1.0,0.3531898517753877,922.0,68.84303112313937,High,True,False,False
2023,TX,Texas,Wharton,48481,41739,11,1.0,0.3508561118162718,923.0,68.80920162381597,High,True,False,False
2023,CA,California,Kern,6029,913820,11,1.0,0.3505718989505115,924.0,68.77537212449256,High,True,False,False
2023,GA,Georgia,Glascock,13125,2954,11,1.0,0.3504842980879566,925.0,68.74154262516915,High,True,False,False
2023,MI,Michigan,Gladwin,26051,25853,11,1.0,0.3502832381120745,926.0,68.70771312584574,High,True,False,False
2023,GA,Georgia,Lowndes,13185,120712,11,1.0,0.3498488910005644,927.0,68.67388362652233,High,True,False,False
2023,MD,Maryland,Baltimore,24510,565239,11,1.0,0.3495209066879063,928.0,68.64005412719891,High,True,False,False
2023,NC,North Carolina,Caswell,37033,22807,11,1.0,0.3492798721560275,929.0,68.6062246278755,High,True,False,False
2023,NC,North Carolina,Rutherford,37161,65507,11,1.0,0.3491105909198218,930.0,68.5723951285521,High,True,False,False
2023,NC,North Carolina,Alleghany,37005,11342,11,1.0,0.348208916488105,931.0,68.53856562922869,High,True,False,False
2023,TX,Texas,Howard,48227,30554,11,1.0,0.3464048482079624,932.0,68.50473612990527,High,True,False,False
2023,MI,Michigan,Alpena,26007,28904,11,1.0,0.3463650074492598,933.0,68.47090663058187,High,True,False,False
2023,IN,Indiana,Randolph,18135,24216,11,1.0,0.3459763875699439,934.0,68.43707713125846,High,True,False,False
2023,OH,Ohio,Belmont,39013,64918,11,1.0,0.3456566181786122,935.0,68.40324763193505,High,True,False,False
2023,MI,Michigan,Hillsdale,26059,45587,11,1.0,0.3455931206279152,936.0,68.36941813261164,High,True,False,False
2023,OH,Ohio,Carroll,39019,26758,11,1.0,0.3449689528571629,937.0,68.33558863328822,High,True,False,False
2023,TX,Texas,Concho,48095,3297,11,1.0,0.342053992227099,938.0,68.30175913396481,High,True,False,False
2023,TX,Texas,Robertson,48395,17267,11,1.0,0.3414985547099409,939.0,68.2679296346414,High,True,False,False
2023,MD,Maryland,Caroline,24011,33593,11,1.0,0.3403659563349181,940.0,68.234100135318,High,True,False,False
2023,IN,Indiana,Newton,18111,13960,11,1.0,0.340021240424012,941.0,68.20027063599458,High,True,False,False
2023,MS,Mississippi,Forrest,28035,78208,11,1.0,0.3383847362200866,942.0,68.16644113667117,High,True,False,False
2023,GA,Georgia,Long,13183,19594,11,1.0,0.3375828227601398,943.0,68.13261163734776,High,True,False,False
2023,SC,South Carolina,Sumter,45085,104165,11,1.0,0.3371877445822122,944.0,68.09878213802436,High,True,False,False
2023,GA,Georgia,Butts,13035,26887,11,1.0,0.3361904065056358,945.0,68.06495263870094,High,True,False,False
2023,IN,Indiana,Vermillion,18165,15417,11,1.0,0.3355359129198729,946.0,68.03112313937754,High,True,False,False
2023,IN,Indiana,Marshall,18099,46352,11,1.0,0.335520787788605,947.0,67.99729364005412,High,True,False,False
2023,TX,Texas,Baylor,48023,3463,11,1.0,0.3354312365429918,948.0,67.96346414073072,High,True,False,False
2023,MI,Michigan,Osceola,26133,23330,11,1.0,0.3333890072425353,949.0,67.9296346414073,High,True,False,False
2023,TX,Texas,Dickens,48125,1711,11,1.0,0.3333405412331596,950.0,67.8958051420839,High,True,False,False
2023,GA,Georgia,Heard,13149,12034,11,1.0,0.3306363426467404,951.0,67.86197564276048,High,True,False,False
2023,GA,Georgia,Gordon,13129,59757,11,1.0,0.3297669637006817,952.0,67.82814614343707,High,True,False,False
2023,MS,Mississippi,Lowndes,28087,57283,11,1.0,0.3269116868977269,953.0,67.79431664411368,High,True,False,False
2023,IN,Indiana,Fountain,18045,16731,11,1.0,0.3266786390220319,954.0,67.76048714479026,High,True,False,False
2023,AR,Arkansas,Calhoun,5013,4641,11,1.0,0.3225800965574593,955.0,67.72665764546684,High,True,False,False
2023,LA,Louisiana,Livingston,22063,150145,11,1.0,0.319935699294945,956.0,67.69282814614344,High,True,False,False
2023,NC,North Carolina,Rockingham,37157,92518,11,1.0,0.3167062339814745,957.0,67.65899864682002,High,True,False,False
2023,MI,Michigan,Genesee,26049,401522,11,1.0,0.3166222051036167,958.0,67.62516914749662,High,True,False,False
2023,OR,Oregon,Harney,41025,7440,11,1.0,0.3161188752992103,959.0,67.5913396481732,High,True,False,False
2023,TX,Texas,Parmer,48369,9617,11,1.0,0.3147483104826512,960.0,67.5575101488498,High,True,False,False
2023,IN,Indiana,Owen,18119,21532,11,1.0,0.3142808603489601,961.0,67.52368064952638,High,True,False,False
2023,NC,North Carolina,Wilkes,37193,66013,11,1.0,0.3141821885759596,962.0,67.48985115020297,High,True,False,False
2023,TX,Texas,Wheeler,48483,4804,11,1.0,0.3139293609883053,963.0,67.45602165087958,High,True,False,False
2023,MI,Michigan,Saginaw,26145,187782,11,1.0,0.3131530081326373,964.0,67.42219215155616,High,True,False,False
2023,FL,Florida,Levy,12075,46545,11,1.0,0.3119631782615371,965.0,67.38836265223274,High,True,False,False
2023,MI,Michigan,Luce,26095,6435,11,1.0,0.3114058344069889,966.0,67.35453315290934,High,True,False,False
2023,TX,Texas,Upshur,48459,43281,11,1.0,0.3105807325638437,967.0,67.32070365358592,High,True,False,False
2023,TX,Texas,Rusk,48401,53079,11,1.0,0.3099280944152899,968.0,67.28687415426252,High,True,False,False
2023,LA,Louisiana,West Baton Rouge,22121,28266,11,1.0,0.3094742217184232,969.0,67.2530446549391,High,True,False,False
2023,IN,Indiana,Clay,18021,26460,11,1.0,0.3089399543959061,970.0,67.2192151556157,High,True,False,False
2023,SC,South Carolina,Edgefield,45037,27607,11,1.0,0.3075986539865589,971.0,67.18538565629228,High,True,False,False
2023,IN,Indiana,Martin,18101,9897,11,1.0,0.3052283002468555,972.0,67.15155615696887,High,True,False,False
2023,TX,Texas,Winkler,48495,7414,11,1.0,0.3051526068768437,973.0,67.11772665764548,High,True,False,False
2023,GA,Georgia,Bulloch,13031,84327,11,1.0,0.3049375874060606,974.0,67.08389715832206,High,True,False,False
2023,IN,Indiana,Rush,18139,16847,11,1.0,0.304798281967094,975.0,67.05006765899864,High,True,False,False
2023,MD,Maryland,Dorchester,24019,32879,11,1.0,0.3046526545862603,976.0,67.01623815967524,High,True,False,False
2023,SD,South Dakota,Charles Mix,46023,9240,11,1.0,0.3043181981326655,977.0,66.98240866035182,High,True,False,False
2023,VA,Virginia,Richmond,51159,9184,11,1.0,0.3023200915576686,978.0,66.94857916102842,High,True,False,False
2023,GA,Georgia,Whitfield,13313,103687,11,1.0,0.2988183113563695,979.0,66.914749661705,High,True,False,False
2023,TX,Texas,Gregg,48183,126243,11,1.0,0.298487468244387,980.0,66.8809201623816,High,True,False,False
2023,VA,Virginia,King and Queen,51097,6720,11,1.0,0.2974967639533579,981.0,66.84709066305818,High,True,False,False
2023,TN,Tennessee,Washington,47179,138420,11,1.0,0.2973598203599893,982.0,66.81326116373477,High,True,False,False
2023,MI,Michigan,Sanilac,26151,40368,11,1.0,0.2972787606857187,983.0,66.77943166441138,High,True,False,False
2023,NM,New Mexico,Curry,35009,47222,11,1.0,0.2963083279096861,984.0,66.74560216508796,High,True,False,False
2023,VA,Virginia,Patrick,51141,17509,11,1.0,0.2962728627728612,985.0,66.71177266576454,High,True,False,False
2023,OH,Ohio,Williams,39171,36591,11,1.0,0.2960877633444422,986.0,66.67794316644114,High,True,False,False
2023,LA,Louisiana,Jefferson,22051,421777,11,1.0,0.2959307051728979,987.0,66.64411366711772,High,True,False,False
2023,TX,Texas,Coke,48081,3352,11,1.0,0.2950432956708695,988.0,66.61028416779432,High,True,False,False
2023,VA,Virginia,Winchester,51840,27617,11,1.0,0.293531515319138,989.0,66.5764546684709,High,True,False,False
2023,TX,Texas,Hockley,48219,21460,11,1.0,0.2934061257883826,990.0,66.5426251691475,High,True,False,False
2023,AL,Alabama,Mobile,1097,411640,11,1.0,0.2921971670793132,991.0,66.50879566982408,High,True,False,False
2023,IL,Illinois,White,17193,13401,11,1.0,0.2908839332715627,992.0,66.47496617050066,High,True,False,False
2023,MO,Missouri,Carroll,29033,8391,11,1.0,0.2893691132833692,993.0,66.44113667117728,High,True,False,False
2023,TX,Texas,Jackson,48239,15221,11,1.0,0.2893024141638078,994.0,66.40730717185386,High,True,False,False
2023,TX,Texas,San Saba,48411,5845,11,1.0,0.2877043527558386,995.0,66.37347767253044,High,True,False,False
2023,NM,New Mexico,Guadalupe,35019,4292,11,1.0,0.2861718814202121,996.0,66.33964817320704,High,True,False,False
2023,MS,Mississippi,Pearl River,28109,57978,11,1.0,0.2859045519618667,997.0,66.30581867388364,High,True,False,False
2023,GA,Georgia,Murray,13213,41035,11,1.0,0.2857966962469641,998.0,66.27198917456022,High,True,False,False
2023,MS,Mississippi,Oktibbeha,28105,51203,11,1.0,0.28573055158286,999.0,66.2381596752368,High,True,False,False
2023,LA,Louisiana,Orleans,22071,364136,11,1.0,0.2844946153167598,1000.0,66.2043301759134,High,True,False,False
2023,MI,Michigan,Mecosta,26107,41099,11,1.0,0.2839701474827346,1001.0,66.17050067658998,High,True,False,False
2023,IN,Indiana,Pulaski,18131,12385,11,1.0,0.2833928776609528,1002.0,66.13667117726658,High,True,False,False
2023,MI,Michigan,Montcalm,26117,68154,11,1.0,0.2833332738237274,1003.0,66.10284167794318,High,True,False,False
2023,TX,Texas,Grimes,48185,32384,11,1.0,0.2831458465328865,1004.0,66.06901217861976,High,True,False,False
2023,MO,Missouri,Ralls,29173,10489,11,1.0,0.2811555144981906,1005.0,66.03518267929634,High,True,False,False
2023,IA,Iowa,Clarke,19039,9588,11,1.0,0.2806725099735134,1006.0,66.00135317997294,High,True,False,False
2023,LA,Louisiana,Bossier,22015,129795,11,1.0,0.2806550620092956,1007.0,65.96752368064953,High,True,False,False
2023,AR,Arkansas,Garland,5051,99784,11,1.0,0.2797009656844348,1008.0,65.93369418132612,High,True,False,False
2023,TX,Texas,Andrews,48003,18664,11,1.0,0.2792955389355969,1009.0,65.8998646820027,High,True,False,False
2023,KS,Kansas,Elk,20049,2467,11,1.0,0.2786551860568247,1010.0,65.8660351826793,High,True,False,False
2023,TX,Texas,Harrison,48203,70895,11,1.0,0.2782024967268289,1011.0,65.83220568335588,High,True,False,False
2023,MO,Missouri,Linn,29115,11791,11,1.0,0.277393200438534,1012.0,65.79837618403248,High,True,False,False
2023,NC,North Carolina,Randolph,37151,147458,11,1.0,0.2773575573742419,1013.0,65.76454668470907,High,True,False,False
2023,OH,Ohio,Tuscarawas,39157,91874,11,1.0,0.2771475137918108,1014.0,65.73071718538566,High,True,False,False
2023,TX,Texas,Freestone,48161,20441,11,1.0,0.2760782507551977,1015.0,65.69688768606224,High,True,False,False
2023,TX,Texas,McCulloch,48307,7452,11,1.0,0.2753897723463726,1016.0,65.66305818673884,High,True,False,False
2023,NC,North Carolina,Gates,37073,10343,11,1.0,0.2744477918034698,1017.0,65.62922868741543,High,True,False,False
2023,CA,California,Merced,6047,291920,11,1.0,0.2736112554280188,1018.0,65.59539918809202,High,True,False,False
2023,MO,Missouri,Ray,29177,23182,11,1.0,0.2717001204884384,1019.0,65.5615696887686,High,True,False,False
2023,OK,Oklahoma,Washington,40147,53706,11,1.0,0.2716189065921597,1020.0,65.5277401894452,High,True,False,False
2023,IN,Indiana,Madison,18095,132504,11,1.0,0.2712240882919062,1021.0,65.49391069012178,High,True,False,False
2023,MO,Missouri,Maries,29125,8430,11,1.0,0.2710793754969734,1022.0,65.46008119079838,High,True,False,False
2023,MI,Michigan,Branch,26023,45215,11,1.0,0.2704556980636492,1023.0,65.42625169147497,High,True,False,False
2023,CA,California,Tulare,6107,479468,11,1.0,0.26978983617211,1024.0,65.39242219215156,High,True,False,False
2023,OK,Oklahoma,Creek,40037,73332,11,1.0,0.2693728602937055,1025.0,65.35859269282814,High,True,False,False
2023,MO,Missouri,Madison,29123,12698,11,1.0,0.2692119386824347,1026.0,65.32476319350474,High,True,False,False
2023,LA,Louisiana,Plaquemines,22075,22386,11,1.0,0.2684825755454926,1027.0,65.29093369418133,High,True,False,False
2023,SC,South Carolina,Newberry,45071,38825,11,1.0,0.268334621621923,1028.0,65.25710419485792,High,True,False,False
2023,TX,Texas,Sabine,48403,10106,11,1.0,0.2658232343482876,1029.0,65.2232746955345,High,True,False,False
2023,MT,Montana,Prairie,30079,1112,11,1.0,0.2642852537077964,1030.0,65.1894451962111,High,True,False,False
2023,MO,Missouri,Newton,29145,60677,11,1.0,0.2640225632540746,1031.0,65.15561569688768,High,True,False,False
2023,MT,Montana,Liberty,30051,1974,11,1.0,0.2619879772091746,1032.0,65.12178619756428,High,True,False,False
2023,TX,Texas,Fannin,48147,37571,11,1.0,0.2607221715226776,1033.0,65.08795669824087,High,True,False,False
2023,TX,Texas,Nueces,48355,352289,11,1.0,0.2603382683879178,1034.0,65.05412719891746,High,True,False,False
2023,KS,Kansas,Stanton,20187,1901,11,1.0,0.260190773050836,1035.0,65.02029769959404,High,True,False,False
2023,TX,Texas,Kimble,48267,4442,11,1.0,0.2594677893555266,1036.0,64.98646820027064,High,True,False,False
2023,OK,Oklahoma,Dewey,40043,4286,11,1.0,0.2572891661011822,1037.0,64.95263870094723,High,True,False,False
2023,TX,Texas,Menard,48327,1958,11,1.0,0.2572257141517329,1038.0,64.91880920162382,High,True,False,False
2023,WV,West Virginia,Putnam,54079,56962,11,1.0,0.2570783719872596,1039.0,64.8849797023004,High,True,False,False
2023,AL,Alabama,Morgan,1103,125133,11,1.0,0.2559898074598914,1040.0,64.851150202977,High,True,False,False
2023,MO,Missouri,Miller,29131,25590,11,1.0,0.255361567688897,1041.0,64.81732070365359,High,True,False,False
2023,MI,Michigan,Arenac,26011,15145,11,1.0,0.2546823896698397,1042.0,64.78349120433018,High,True,False,False
2023,AR,Arkansas,Boone,5009,38530,11,1.0,0.2546755417828055,1043.0,64.74966170500677,High,True,False,False
2023,TX,Texas,Bowie,48037,91687,11,1.0,0.2543944639840205,1044.0,64.71583220568336,High,True,False,False
2023,OH,Ohio,Allen,39003,100838,11,1.0,0.2537912457932268,1045.0,64.68200270635994,High,True,False,False
2023,NC,North Carolina,Cleveland,37045,101378,11,1.0,0.2527686035430724,1046.0,64.64817320703654,High,True,False,False
2023,GA,Georgia,Floyd,13115,100113,11,1.0,0.2526206570060652,1047.0,64.61434370771313,High,True,False,False
2023,GA,Georgia,Putnam,13237,23129,11,1.0,0.2509091314502443,1048.0,64.58051420838972,High,True,False,False
2023,IL,Illinois,Clay,17025,12999,11,1.0,0.2504675518953754,1049.0,64.5466847090663,High,True,False,False
2023,TN,Tennessee,Dickson,47043,56729,11,1.0,0.2490328825163927,1050.0,64.5128552097429,High,True,False,False
2023,NJ,New Jersey,Cumberland,34011,152326,11,1.0,0.2482079339613427,1051.0,64.47902571041949,High,True,False,False
2023,TX,Texas,Eastland,48133,18037,11,1.0,0.2478002180624681,1052.0,64.44519621109607,High,True,False,False
2023,TX,Texas,Milam,48331,25951,11,1.0,0.2472410215199219,1053.0,64.41136671177267,High,True,False,False
2023,TX,Texas,Bell,48027,393193,11,1.0,0.2465518549507573,1054.0,64.37753721244925,High,True,False,False
2023,TX,Texas,Stephens,48429,9343,11,1.0,0.2459666672278286,1055.0,64.34370771312584,High,True,False,False
2023,MS,Mississippi,George,28039,25619,11,1.0,0.2451034795844753,1056.0,64.30987821380243,High,True,False,False
2023,GA,Georgia,Thomas,13275,45649,11,1.0,0.2446715656277071,1057.0,64.27604871447903,High,True,False,False
2023,FL,Florida,Highlands,12055,107614,11,1.0,0.2446220041634967,1058.0,64.24221921515561,High,True,False,False
2023,OK,Oklahoma,Washita,40149,10736,11,1.0,0.2444486702863457,1059.0,64.2083897158322,High,True,False,False
2023,KS,Kansas,Cherokee,20021,19054,11,1.0,0.2443042424669284,1060.0,64.1745602165088,High,True,False,False
2023,MI,Michigan,Calhoun,26025,133366,11,1.0,0.2440388967194286,1061.0,64.14073071718539,High,True,False,False
2023,TX,Texas,El Paso,48141,869880,11,1.0,0.2404016810750541,1062.0,64.10690121786197,High,True,False,False
2023,MO,Missouri,Caldwell,29025,8955,11,1.0,0.2401762390499481,1063.0,64.07307171853857,High,True,False,False
2023,SC,South Carolina,Greenwood,45047,69460,11,1.0,0.2400531125807319,1064.0,64.03924221921515,High,True,False,False
2023,MI,Michigan,Muskegon,26121,176564,11,1.0,0.2398971540346108,1065.0,64.00541271989174,High,True,False,False
2023,TX,Texas,Leon,48289,16538,11,1.0,0.2397311740845914,1066.0,63.97158322056834,High,True,False,False
2023,NC,North Carolina,Cumberland,37051,337890,11,1.0,0.2371552757213097,1067.0,63.93775372124493,High,True,False,False
2023,NM,New Mexico,Harding,35021,624,11,1.0,0.2358411392040264,1068.0,63.90392422192152,High,True,False,False
2023,AL,Alabama,Colbert,1033,58361,11,1.0,0.2352240175218081,1069.0,63.8700947225981,High,True,False,False
2023,AL,Alabama,Tuscaloosa,1125,237373,11,1.0,0.2349219578561384,1070.0,63.83626522327469,High,True,False,False
2023,MI,Michigan,Chippewa,26033,36264,11,1.0,0.2349131989516895,1071.0,63.80243572395129,High,True,False,False
2023,OH,Ohio,Clinton,39027,41938,11,1.0,0.2347837358260455,1072.0,63.768606224627874,High,True,False,False
2023,OK,Oklahoma,Noble,40103,10832,11,1.0,0.2346625299123846,1073.0,63.734776725304464,High,True,False,False
2023,TN,Tennessee,Robertson,47147,76776,11,1.0,0.2342434818987152,1074.0,63.700947225981054,High,True,False,False
2023,IN,Indiana,Clinton,18023,32730,11,1.0,0.2332114295994135,1075.0,63.66711772665765,High,True,False,False
2023,TX,Texas,Henderson,48213,86158,11,1.0,0.2327591488813255,1076.0,63.63328822733424,High,True,False,False
2023,OH,Ohio,Ashland,39005,52190,11,1.0,0.2307376065936959,1077.0,63.59945872801083,High,True,False,False
2023,TX,Texas,Childress,48075,6788,11,1.0,0.2295880112674422,1078.0,63.56562922868741,High,True,False,False
2023,IL,Illinois,Franklin,17055,37138,11,1.0,0.228545645472217,1079.0,63.531799729364,High,True,False,False
2023,NC,North Carolina,Person,37145,39737,11,1.0,0.2284562146194205,1080.0,63.49797023004059,High,True,False,False
2023,MS,Mississippi,Harrison,28047,210612,11,1.0,0.2283019299583582,1081.0,63.46414073071719,High,True,False,False
2023,OH,Ohio,Washington,39167,58577,11,1.0,0.225172555390783,1082.0,63.43031123139377,High,True,False,False
2023,AK,Alaska,Prince of Wales-Hyder,2198,5696,11,1.0,0.224609267836867,1083.0,63.39648173207036,High,True,False,False
2023,MI,Michigan,Crawford,26039,13538,11,1.0,0.2238851505453096,1084.0,63.36265223274695,High,True,False,False
2023,MI,Michigan,Kalkaska,26079,18490,11,1.0,0.223209944115524,1085.0,63.32882273342354,High,True,False,False
2023,OR,Oregon,Klamath,41035,70003,11,1.0,0.22304754761231,1086.0,63.29499323410014,High,True,False,False
2023,NY,New York,Bronx,36005,1356476,11,1.0,0.2217125779523981,1087.0,63.26116373477673,High,True,False,False
2023,GA,Georgia,Jasper,13159,16455,11,1.0,0.2212690796780192,1088.0,63.22733423545331,High,True,False,False
2023,TN,Tennessee,Fayette,47047,44175,11,1.0,0.2191482865591179,1089.0,63.1935047361299,High,True,False,False
2023,TX,Texas,Stonewall,48433,1218,11,1.0,0.2189276417037456,1090.0,63.1596752368065,High,True,False,False
2023,IN,Indiana,Montgomery,18107,38573,11,1.0,0.2189126515089105,1091.0,63.12584573748309,High,True,False,False
2023,GA,Georgia,Crawford,13079,12277,11,1.0,0.2179676845072076,1092.0,63.09201623815967,High,True,False,False
2023,FL,Florida,Jefferson,12065,15450,11,1.0,0.2173374607502368,1093.0,63.05818673883626,High,True,False,False
2023,MS,Mississippi,Tate,28137,28261,11,1.0,0.2160687826095918,1094.0,63.02435723951285,High,True,False,False
2023,MO,Missouri,Stone,29209,32658,11,1.0,0.2151374163308434,1095.0,62.99052774018945,High,True,False,False
2023,NM,New Mexico,Lea,35025,72101,11,1.0,0.2147787427839868,1096.0,62.95669824086604,High,True,False,False
2023,GA,Georgia,Peach,13225,28805,11,1.0,0.2142557555906673,1097.0,62.92286874154263,High,True,False,False
2023,TX,Texas,Yoakum,48501,7468,11,1.0,0.2128945626744969,1098.0,62.88903924221921,High,True,False,False
2023,NC,North Carolina,Nash,37127,96551,11,1.0,0.2118867069973654,1099.0,62.8552097428958,High,True,False,False
2023,IN,Indiana,LaPorte,18091,111706,11,1.0,0.2096122935693083,1100.0,62.8213802435724,High,True,False,False
2023,CA,California,Trinity,6105,15670,11,1.0,0.2089464628821892,1101.0,62.78755074424899,High,True,False,False
2023,TX,Texas,Victoria,48469,91664,11,1.0,0.2082677522497396,1102.0,62.75372124492557,High,True,False,False
2023,TX,Texas,Scurry,48415,16212,11,1.0,0.2080962805559969,1103.0,62.71989174560216,High,True,False,False
2023,OH,Ohio,Darke,39037,51415,11,1.0,0.2052366045047041,1104.0,62.68606224627875,High,True,False,False
2023,TX,Texas,Hansford,48195,5071,11,1.0,0.2046939317183072,1105.0,62.65223274695535,High,True,False,False
2023,OK,Oklahoma,Major,40093,7581,11,1.0,0.2046668729705786,1106.0,62.61840324763194,High,True,False,False
2023,KS,Kansas,Ford,20057,33980,11,1.0,0.2026303769149652,1107.0,62.58457374830853,High,True,False,False
2023,OK,Oklahoma,Ellis,40045,3648,11,1.0,0.2025946097221038,1108.0,62.55074424898511,High,True,False,False
2023,NM,New Mexico,Rio Arriba,35039,39876,11,1.0,0.2004052193603462,1109.0,62.5169147496617,High,True,False,False
2023,SC,South Carolina,McCormick,45065,9941,11,1.0,0.1989644482678737,1110.0,62.4830852503383,High,True,False,False
2023,GA,Georgia,Echols,13101,3709,11,1.0,0.1979525573238319,1111.0,62.44925575101489,High,True,False,False
2023,OK,Oklahoma,Garfield,40047,62023,11,1.0,0.197326230572449,1112.0,62.41542625169147,High,True,False,False
2023,NC,North Carolina,Burke,37023,88338,11,1.0,0.1969369666480213,1113.0,62.38159675236806,High,True,False,False
2023,IL,Illinois,Perry,17145,20503,11,1.0,0.1955184636950211,1114.0,62.34776725304465,High,True,False,False
2023,GA,Georgia,Newton,13217,120135,11,1.0,0.1941068487775443,1115.0,62.31393775372125,High,True,False,False
2023,MI,Michigan,Missaukee,26113,15311,11,1.0,0.1939743127380935,1116.0,62.28010825439784,High,True,False,False
2023,MI,Michigan,Tuscola,26157,52826,11,1.0,0.193702388931362,1117.0,62.24627875507443,High,True,False,False
2023,IN,Indiana,White,18181,24917,11,1.0,0.1922908720453569,1118.0,62.21244925575101,High,True,False,False
2023,MI,Michigan,Newaygo,26123,51108,11,1.0,0.1920339269975879,1119.0,62.1786197564276,High,True,False,False
2023,NM,New Mexico,Hidalgo,35023,3965,11,1.0,0.1912728322234535,1120.0,62.1447902571042,High,True,False,False
2023,IN,Indiana,Shelby,18145,45231,11,1.0,0.1908336980685279,1121.0,62.11096075778079,High,True,False,False
2023,NV,Nevada,Lander,32015,5769,11,1.0,0.1904527699264811,1122.0,62.07713125845737,High,True,False,False
2023,MO,Missouri,Saline,29195,23049,11,1.0,0.190103832742454,1123.0,62.04330175913396,High,True,False,False
2023,OH,Ohio,Pickaway,39129,61086,11,1.0,0.1883788431790639,1124.0,62.00947225981055,High,True,False,False
2023,MO,Missouri,Adair,29001,25122,11,1.0,0.1881002349046304,1125.0,61.97564276048715,High,True,False,False
2023,OH,Ohio,Paulding,39125,18706,11,1.0,0.186733203519322,1126.0,61.94181326116374,High,True,False,False
2023,IL,Illinois,Lawrence,17101,14813,11,1.0,0.186671615779497,1127.0,61.90798376184033,High,True,False,False
2023,NC,North Carolina,Beaufort,37013,44481,11,1.0,0.1864835700762436,1128.0,61.87415426251691,High,True,False,False
2023,AL,Alabama,Blount,1009,59816,11,1.0,0.1863129036212314,1129.0,61.8403247631935,High,True,False,False
2023,OK,Oklahoma,Woodward,40153,19947,11,1.0,0.1857681490202769,1130.0,61.8064952638701,High,True,False,False
2023,TX,Texas,Hopkins,48223,38172,11,1.0,0.1854439215444626,1131.0,61.77266576454669,High,True,False,False
2023,IL,Illinois,Gallatin,17059,4670,11,1.0,0.1837692219783886,1132.0,61.73883626522327,High,True,False,False
2023,LA,Louisiana,East Baton Rouge,22033,448467,11,1.0,0.1828009666604201,1133.0,61.70500676589986,High,True,False,False
2023,MO,Missouri,Chariton,29041,7399,11,1.0,0.1827631663601089,1134.0,61.67117726657646,High,True,False,False
2023,CA,California,Kings,6031,152682,11,1.0,0.1816605843981396,1135.0,61.63734776725305,High,True,False,False
2023,OH,Ohio,Lucas,39095,425484,11,1.0,0.1813586595941016,1136.0,61.60351826792964,High,True,False,False
2023,OK,Oklahoma,Beaver,40007,5018,11,1.0,0.179817547666016,1137.0,61.56968876860623,High,True,False,False
2023,OK,Oklahoma,Harper,40059,3190,11,1.0,0.1797375943305287,1138.0,61.53585926928281,High,True,False,False
2023,IN,Indiana,Pike,18125,12106,11,1.0,0.1791896383304968,1139.0,61.50202976995941,High,True,False,False
2023,MO,Missouri,Marion,29127,28336,11,1.0,0.1778327087445275,1140.0,61.468200270636,High,True,False,False
2023,IN,Indiana,Knox,18083,36070,11,1.0,0.1763734841857517,1141.0,61.43437077131259,High,True,False,False
2023,ID,Idaho,Jerome,16053,25479,11,1.0,0.1761509449075379,1142.0,61.40054127198917,High,True,False,False
2023,TX,Texas,Hill,48217,38101,11,1.0,0.1753840942273319,1143.0,61.36671177266576,High,True,False,False
2023,TX,Texas,Reagan,48383,3141,11,1.0,0.1748808215982603,1144.0,61.33288227334236,High,True,False,False
2023,WI,Wisconsin,Juneau,55057,26594,11,1.0,0.1748424326210994,1145.0,61.29905277401895,High,True,False,False
2023,GA,Georgia,Rockdale,13247,95987,11,1.0,0.1734022561411528,1146.0,61.265223274695536,High,True,False,False
2023,MI,Michigan,Wexford,26165,34122,11,1.0,0.1728340553612318,1147.0,61.231393775372126,High,True,False,False
2023,VA,Virginia,Northampton,51131,12021,11,1.0,0.1712870662900506,1148.0,61.19756427604871,High,True,False,False
2023,CO,Colorado,Otero,8089,18136,11,1.0,0.1712360990039894,1149.0,61.163734776725306,High,True,False,False
2023,TX,Texas,Bastrop,48021,110778,11,1.0,0.1702882165862344,1150.0,61.129905277401896,High,True,False,False
2023,MI,Michigan,Oceana,26127,26981,11,1.0,0.1702282588633342,1151.0,61.096075778078486,High,True,False,False
2023,AZ,Arizona,La Paz,4012,16710,11,1.0,0.169342725218853,1152.0,61.06224627875507,High,True,False,False
2023,IN,Indiana,Howard,18067,83831,11,1.0,0.1670056112025067,1153.0,61.02841677943166,High,True,False,False
2023,MI,Michigan,Presque Isle,26141,13285,11,1.0,0.1663411059394242,1154.0,60.994587280108256,High,True,False,False
2023,ID,Idaho,Owyhee,16073,12722,11,1.0,0.1654026337728052,1155.0,60.960757780784846,High,True,False,False
2023,KS,Kansas,Montgomery,20125,30568,11,1.0,0.1639365449530397,1156.0,60.92692828146144,High,True,False,False
2023,MO,Missouri,Pettis,29159,43530,11,1.0,0.1633845936636365,1157.0,60.893098782138026,High,True,False,False
2023,LA,Louisiana,Cameron,22023,4768,11,1.0,0.160599094009331,1158.0,60.85926928281461,High,True,False,False
2023,MI,Michigan,Van Buren,26159,75798,11,1.0,0.1587628140444551,1159.0,60.825439783491206,High,True,False,False
2023,TX,Texas,Lipscomb,48295,2906,11,1.0,0.1585189966855794,1160.0,60.7916102841678,High,True,False,False
2023,KS,Kansas,Cheyenne,20023,2636,11,1.0,0.1582404308143175,1161.0,60.75778078484439,High,True,False,False
2023,IA,Iowa,Crawford,19047,16013,11,1.0,0.1567292299527173,1162.0,60.72395128552097,High,True,False,False
2023,MO,Missouri,St. Louis,29510,281754,11,1.0,0.1554766995086518,1163.0,60.69012178619756,High,True,False,False
2023,TX,Texas,Kinney,48271,3148,11,1.0,0.155212690907765,1164.0,60.65629228687416,High,True,False,False
2023,OH,Ohio,Mahoning,39099,225596,11,1.0,0.1551106769098894,1165.0,60.622462787550745,High,True,False,False
2023,GA,Georgia,Banks,13011,19789,11,1.0,0.1549664183755351,1166.0,60.588633288227335,High,True,False,False
2023,OK,Oklahoma,Pontotoc,40123,38396,11,1.0,0.1543915558277182,1167.0,60.554803788903925,High,True,False,False
2023,VA,Virginia,Norfolk,51710,230930,11,1.0,0.1536017277721151,1168.0,60.52097428958051,High,True,False,False
2023,KS,Kansas,Labette,20099,19728,11,1.0,0.1530062584273707,1169.0,60.48714479025711,High,True,False,False
2023,MI,Michigan,St. Joseph,26149,60878,11,1.0,0.1515414218677446,1170.0,60.453315290933695,High,True,False,False
2023,IL,Illinois,Edwards,17047,5968,11,1.0,0.1495732492560759,1171.0,60.419485791610285,High,True,False,False
2023,TX,Texas,Coleman,48083,7842,11,1.0,0.1473992101854485,1172.0,60.38565629228687,High,True,False,False
2023,IL,Illinois,Brown,17009,6294,11,1.0,0.1463729679219889,1173.0,60.35182679296346,High,True,False,False
2023,AL,Alabama,Cullman,1043,92016,11,1.0,0.1461690084335337,1174.0,60.317997293640055,High,True,False,False
2023,GA,Georgia,Schley,13249,4526,11,1.0,0.1443891087796032,1175.0,60.284167794316645,High,True,False,False
2023,MT,Montana,Toole,30101,5133,11,1.0,0.1416436092498148,1176.0,60.250338294993234,High,True,False,False
2023,IN,Indiana,Carroll,18015,20525,11,1.0,0.140062124467857,1177.0,60.216508795669824,High,True,False,False
2023,TX,Texas,Panola,48365,22838,11,1.0,0.1387937103828629,1178.0,60.18267929634641,High,True,False,False
2023,DE,Delaware,Kent,10001,189789,11,1.0,0.1387092518997748,1179.0,60.14884979702301,High,True,False,False
2023,TX,Texas,Brown,48049,38709,11,1.0,0.1384412586746488,1180.0,60.1150202976996,High,True,False,False
2023,MI,Michigan,Iron,26071,11740,11,1.0,0.1374591778200777,1181.0,60.08119079837618,High,True,False,False
2023,GA,Georgia,Liberty,13179,69210,11,1.0,0.1353944377211824,1182.0,60.04736129905277,High,True,False,False
2023,VA,Virginia,Alleghany,51005,14595,11,1.0,0.1342270634609031,1183.0,60.01353179972937,High,True,False,False
2023,SC,South Carolina,Calhoun,45017,14186,11,1.0,0.1341305652370241,1184.0,59.979702300405954,Moderate,False,False,False
2023,MI,Michigan,Cheboygan,26031,26048,11,1.0,0.1340547427969223,1185.0,59.945872801082544,Moderate,False,False,False
2023,MI,Michigan,Gogebic,26053,14224,11,1.0,0.132776961976639,1186.0,59.912043301759134,Moderate,False,False,False
2023,MO,Missouri,Holt,29087,4248,11,1.0,0.1305085704381656,1187.0,59.87821380243573,Moderate,False,False,False
2023,MS,Mississippi,Jackson,28059,146389,11,1.0,0.1303098298789118,1188.0,59.84438430311232,Moderate,False,False,False
2023,OK,Oklahoma,Payne,40119,83352,11,1.0,0.1278877858120783,1189.0,59.8105548037889,Moderate,False,False,False
2023,WA,Washington,Yakima,53077,256643,11,1.0,0.1262245011828732,1190.0,59.77672530446549,Moderate,False,False,False
2023,IL,Illinois,Union,17181,16667,11,1.0,0.1251456540263363,1191.0,59.74289580514208,Moderate,False,False,False
2023,KS,Kansas,Haskell,20081,3630,11,1.0,0.1240908712206277,1192.0,59.709066305818666,Moderate,False,False,False
2023,OR,Oregon,Lake,41037,8293,11,1.0,0.1237143199239391,1193.0,59.67523680649527,Moderate,False,False,False
2023,OH,Ohio,Sandusky,39143,58709,11,1.0,0.1221190899362668,1194.0,59.64140730717185,Moderate,False,False,False
2023,VA,Virginia,Newport News,51700,183118,11,1.0,0.1213031316610779,1195.0,59.60757780784844,Moderate,False,False,False
2023,TN,Tennessee,Loudon,47105,60591,11,1.0,0.1202761204934503,1196.0,59.57374830852503,Moderate,False,False,False
2023,NC,North Carolina,Lee,37105,67059,11,1.0,0.1195094335851757,1197.0,59.53991880920162,Moderate,False,False,False
2023,GA,Georgia,Jones,13169,28969,11,1.0,0.119163209786173,1198.0,59.50608930987822,Moderate,False,False,False
2023,MO,Missouri,Moniteau,29135,15256,11,1.0,0.1189729797413503,1199.0,59.4722598105548,Moderate,False,False,False
2023,TN,Tennessee,Blount,47009,141456,11,1.0,0.1179318322765233,1200.0,59.43843031123139,Moderate,False,False,False
2023,FL,Florida,Polk,12105,818330,11,1.0,0.1177929627870868,1201.0,59.40460081190798,Moderate,False,False,False
2023,VA,Virginia,Cumberland,51049,9878,11,1.0,0.1172643774467081,1202.0,59.370771312584566,Moderate,False,False,False
2023,KS,Kansas,Finney,20055,37466,11,1.0,0.1167626000536693,1203.0,59.33694181326117,Moderate,False,False,False
2023,IL,Illinois,Johnson,17087,13326,11,1.0,0.1164980129003581,1204.0,59.30311231393775,Moderate,False,False,False
2023,KS,Kansas,Geary,20061,35047,11,1.0,0.1153489203824044,1205.0,59.26928281461434,Moderate,False,False,False
2023,IL,Illinois,Fayette,17051,21164,11,1.0,0.1149535106598382,1206.0,59.23545331529093,Moderate,False,False,False
2023,VA,Virginia,Wythe,51197,28104,11,1.0,0.1129090863699763,1207.0,59.20162381596752,Moderate,False,False,False
2023,MO,Missouri,Phelps,29161,45284,11,1.0,0.1127383728668278,1208.0,59.16779431664412,Moderate,False,False,False
2023,OK,Oklahoma,Alfalfa,40003,5673,11,1.0,0.1125029232297009,1209.0,59.1339648173207,Moderate,False,False,False
2023,VA,Virginia,Hampton,51650,137098,11,1.0,0.1124651543964804,1210.0,59.10013531799729,Moderate,False,False,False
2023,MO,Missouri,Taney,29213,56775,11,1.0,0.1118945017357046,1211.0,59.06630581867388,Moderate,False,False,False
2023,IN,Indiana,Vanderburgh,18163,179810,11,1.0,0.1117849932798312,1212.0,59.03247631935047,Moderate,False,False,False
2023,TX,Texas,Hamilton,48193,8619,11,1.0,0.1115635677496137,1213.0,58.99864682002707,Moderate,False,False,False
2023,SD,South Dakota,Tripp,46123,5621,11,1.0,0.1101801163383602,1214.0,58.96481732070365,Moderate,False,False,False
2023,GA,Georgia,Walker,13295,69489,11,1.0,0.1094558386321987,1215.0,58.93098782138024,Moderate,False,False,False
2023,IN,Indiana,Warren,18171,8518,11,1.0,0.1090985249031602,1216.0,58.89715832205683,Moderate,False,False,False
2023,MO,Missouri,Gasconade,29073,14705,11,1.0,0.1087937523189582,1217.0,58.86332882273342,Moderate,False,False,False
2023,TX,Texas,Comanche,48093,14050,11,1.0,0.1072930132606576,1218.0,58.82949932341002,Moderate,False,False,False
2023,TX,Texas,Delta,48119,5520,11,1.0,0.1066844637746895,1219.0,58.7956698240866,Moderate,False,False,False
2023,IL,Illinois,Hamilton,17065,7911,11,1.0,0.104685121920926,1220.0,58.76184032476319,Moderate,False,False,False
2023,ME,Maine,Piscataquis,23021,17486,11,1.0,0.1044225161269569,1221.0,58.72801082543978,Moderate,False,False,False
2023,MI,Michigan,Roscommon,26143,23863,11,1.0,0.1041350069045935,1222.0,58.694181326116365,Moderate,False,False,False
2023,TX,Texas,Orange,48361,85722,11,1.0,0.1025690359658,1223.0,58.66035182679297,Moderate,False,False,False
2023,TX,Texas,Austin,48015,31677,11,1.0,0.1024104439585087,1224.0,58.62652232746955,Moderate,False,False,False
2023,LA,Louisiana,West Feliciana,22125,15371,11,1.0,0.101409771764874,1225.0,58.59269282814614,Moderate,False,False,False
2023,IN,Indiana,Marion,18097,968460,11,1.0,0.1011518531463641,1226.0,58.55886332882273,Moderate,False,False,False
2023,IN,Indiana,Jackson,18071,46460,11,1.0,0.100282500879163,1227.0,58.52503382949933,Moderate,False,False,False
2023,NC,North Carolina,Yadkin,37197,37774,11,1.0,0.0996795175513733,1228.0,58.49120433017592,Moderate,False,False,False
2023,KS,Kansas,Jewell,20089,2847,11,1.0,0.0991599001252056,1229.0,58.4573748308525,Moderate,False,False,False
2023,TX,Texas,Donley,48129,3214,11,1.0,0.0989737839383403,1230.0,58.42354533152909,Moderate,False,False,False
2023,SC,South Carolina,Jasper,45053,33544,11,1.0,0.0983923856637507,1231.0,58.38971583220568,Moderate,False,False,False
2023,AR,Arkansas,Pulaski,5119,400009,11,1.0,0.0969963170649143,1232.0,58.35588633288228,Moderate,False,False,False
2023,MI,Michigan,Delta,26041,36790,11,1.0,0.0968430040874797,1233.0,58.32205683355887,Moderate,False,False,False
2023,OK,Oklahoma,Woods,40151,8564,11,1.0,0.0954978596689744,1234.0,58.28822733423545,Moderate,False,False,False
2023,VA,Virginia,Amherst,51009,31396,11,1.0,0.0941444205517396,1235.0,58.25439783491204,Moderate,False,False,False
2023,GA,Georgia,Lamar,13171,20401,11,1.0,0.0939639557579771,1236.0,58.22056833558863,Moderate,False,False,False
2023,MT,Montana,Lincoln,30053,21895,11,1.0,0.0938481418296168,1237.0,58.18673883626523,Moderate,False,False,False
2023,IN,Indiana,Lake,18089,500598,11,1.0,0.0935542491791991,1238.0,58.15290933694182,Moderate,False,False,False
2023,IN,Indiana,Perry,18123,19209,11,1.0,0.0931650061899182,1239.0,58.1190798376184,Moderate,False,False,False
2023,TN,Tennessee,Cheatham,47021,42254,11,1.0,0.0926433724419679,1240.0,58.08525033829499,Moderate,False,False,False
2023,OR,Oregon,Josephine,41033,87821,11,1.0,0.0918765194807659,1241.0,58.05142083897158,Moderate,False,False,False
2023,WI,Wisconsin,Adams,55001,21449,11,1.0,0.0912725129761568,1242.0,58.01759133964818,Moderate,False,False,False
2023,OK,Oklahoma,Grant,40053,4083,11,1.0,0.0903104278894505,1243.0,57.98376184032477,Moderate,False,False,False
2023,TX,Texas,McLennan,48309,268583,11,1.0,0.0896690560982314,1244.0,57.94993234100135,Moderate,False,False,False
2023,MI,Michigan,Ontonagon,26131,5906,11,1.0,0.0882632959570009,1245.0,57.91610284167794,Moderate,False,False,False
2023,TN,Tennessee,Montgomery,47125,239872,11,1.0,0.0878375986058815,1246.0,57.88227334235453,Moderate,False,False,False
2023,MI,Michigan,Huron,26063,30927,11,1.0,0.0875944493470931,1247.0,57.84844384303113,Moderate,False,False,False
2023,WA,Washington,Ferry,53019,7497,11,1.0,0.0869033393944202,1248.0,57.81461434370772,Moderate,False,False,False
2023,IL,Illinois,Jackson,17077,52141,11,1.0,0.0868938454744885,1249.0,57.7807848443843,Moderate,False,False,False
2023,IN,Indiana,Lawrence,18093,45084,11,1.0,0.0844180443068746,1250.0,57.74695534506089,Moderate,False,False,False
2023,IN,Indiana,Gibson,18051,32904,11,1.0,0.0840676171070938,1251.0,57.71312584573748,Moderate,False,False,False
2023,MI,Michigan,Menominee,26109,22945,11,1.0,0.0839938441446957,1252.0,57.67929634641408,Moderate,False,False,False
2023,IL,Illinois,Winnebago,17201,280922,11,1.0,0.0826321441888788,1253.0,57.64546684709067,Moderate,False,False,False
2023,MI,Michigan,Gratiot,26057,41368,11,1.0,0.0818862139892268,1254.0,57.61163734776725,Moderate,False,False,False
2023,IN,Indiana,DeKalb,18033,44198,11,1.0,0.0818180762889759,1255.0,57.57780784844384,Moderate,False,False,False
2023,ME,Maine,Androscoggin,23001,113765,11,1.0,0.0817325673755423,1256.0,57.54397834912043,Moderate,False,False,False
2023,IL,Illinois,Wayne,17191,15761,11,1.0,0.0807441506952606,1257.0,57.51014884979703,Moderate,False,False,False
2023,GA,Georgia,Carroll,13045,127098,11,1.0,0.0805876734612241,1258.0,57.47631935047362,Moderate,False,False,False
2023,NC,North Carolina,Caldwell,37027,80574,11,1.0,0.07989978824773,1259.0,57.4424898511502,Moderate,False,False,False
2023,OH,Ohio,Shelby,39149,47765,11,1.0,0.079881917973084,1260.0,57.40866035182679,Moderate,False,False,False
2023,OH,Ohio,Logan,39091,46057,11,1.0,0.0797725456114809,1261.0,57.37483085250338,Moderate,False,False,False
2023,UT,Utah,Piute,49031,1550,11,1.0,0.078436663799732,1262.0,57.341001353179976,Moderate,False,False,False
2023,OH,Ohio,Morrow,39117,35595,11,1.0,0.0783952545214314,1263.0,57.307171853856566,Moderate,False,False,False
2023,TX,Texas,Hunt,48231,113347,11,1.0,0.0761849946515526,1264.0,57.27334235453315,Moderate,False,False,False
2023,OH,Ohio,Stark,39151,372716,11,1.0,0.0749357391603788,1265.0,57.23951285520974,Moderate,False,False,False
2023,MO,Missouri,Nodaway,29147,20695,11,1.0,0.0744155545097214,1266.0,57.20568335588633,Moderate,False,False,False
2023,TX,Texas,Throckmorton,48447,1526,11,1.0,0.0739180890885904,1267.0,57.171853856562926,Moderate,False,False,False
2023,TX,Texas,Runnels,48399,9868,11,1.0,0.0735604048023522,1268.0,57.13802435723952,Moderate,False,False,False
2023,IL,Illinois,Massac,17127,13661,11,1.0,0.0733368162665884,1269.0,57.1041948579161,Moderate,False,False,False
2023,MS,Mississippi,Webster,28155,9988,11,1.0,0.0692660682939988,1270.0,57.07036535859269,Moderate,False,False,False
2023,VA,Virginia,Appomattox,51011,16864,11,1.0,0.0691606219215631,1271.0,57.03653585926928,Moderate,False,False,False
2023,AZ,Arizona,Yuma,4027,213221,11,1.0,0.0690962657655947,1272.0,57.00270635994588,Moderate,False,False,False
2023,IN,Indiana,Jefferson,18077,33056,11,1.0,0.0690645631426582,1273.0,56.96887686062247,Moderate,False,False,False
2023,WI,Wisconsin,Monroe,55081,46151,11,1.0,0.0689898325931626,1274.0,56.93504736129905,Moderate,False,False,False
2023,TX,Texas,Van Zandt,48467,64000,11,1.0,0.0680493112177868,1275.0,56.90121786197564,Moderate,False,False,False
2023,IA,Iowa,Wapello,19179,35166,11,1.0,0.0673115193323099,1276.0,56.86738836265224,Moderate,False,False,False
2023,IL,Illinois,Marion,17121,36673,11,1.0,0.067065790565638,1277.0,56.833558863328825,Moderate,False,False,False
2023,IN,Indiana,Huntington,18069,36781,11,1.0,0.0667426444136346,1278.0,56.799729364005415,Moderate,False,False,False
2023,OH,Ohio,Montgomery,39113,533796,11,1.0,0.0666122464081876,1279.0,56.765899864682,Moderate,False,False,False
2023,IL,Illinois,Schuyler,17169,6733,11,1.0,0.0658321331046302,1280.0,56.73207036535859,Moderate,False,False,False
2023,NC,North Carolina,Pitt,37147,175119,11,1.0,0.0651466157110442,1281.0,56.69824086603519,Moderate,False,False,False
2023,GA,Georgia,Hart,13147,27556,11,1.0,0.0649806276806757,1282.0,56.664411366711775,Moderate,False,False,False
2023,TX,Texas,Wichita,48485,130180,11,1.0,0.06438051552489,1283.0,56.630581867388365,Moderate,False,False,False
2023,NM,New Mexico,Otero,35035,68835,11,1.0,0.0640958134393624,1284.0,56.59675236806495,Moderate,False,False,False
2023,WI,Wisconsin,Ashland,55003,16079,11,1.0,0.0640357344738623,1285.0,56.56292286874154,Moderate,False,False,False
2023,GA,Georgia,Haralson,13143,32038,11,1.0,0.0637942710587058,1286.0,56.529093369418135,Moderate,False,False,False
2023,IN,Indiana,Noble,18113,47430,11,1.0,0.0617824708596934,1287.0,56.495263870094725,Moderate,False,False,False
2023,CA,California,Fresno,6019,1017162,11,1.0,0.0615421974364712,1288.0,56.46143437077132,Moderate,False,False,False
2023,GA,Georgia,Fannin,13111,25955,11,1.0,0.0614534055393573,1289.0,56.4276048714479,Moderate,False,False,False
2023,MS,Mississippi,Itawamba,28057,24093,11,1.0,0.0610277860821089,1290.0,56.39377537212449,Moderate,False,False,False
2023,NM,New Mexico,Union,35059,3964,11,1.0,0.0587207411529039,1291.0,56.359945872801084,Moderate,False,False,False
2023,MO,Missouri,Jackson,29095,718560,11,1.0,0.0585125001503308,1292.0,56.32611637347768,Moderate,False,False,False
2023,MI,Michigan,Jackson,26075,159424,11,1.0,0.0566888882553421,1293.0,56.29228687415426,Moderate,False,False,False
2023,VA,Virginia,Lynchburg,51680,79535,11,1.0,0.0557069043022523,1294.0,56.25845737483085,Moderate,False,False,False
2023,IL,Illinois,Hardin,17069,3569,11,1.0,0.0546905687446692,1295.0,56.22462787550744,Moderate,False,False,False
2023,KS,Kansas,Crawford,20037,38764,11,1.0,0.0534237068342435,1296.0,56.190798376184034,Moderate,False,False,False
2023,SC,South Carolina,Oconee,45073,81221,11,1.0,0.0521342547869068,1297.0,56.156968876860624,Moderate,False,False,False
2023,KS,Kansas,Wichita,20203,2082,11,1.0,0.0513112806078097,1298.0,56.123139377537214,Moderate,False,False,False
2023,VA,Virginia,Page,51139,23741,11,1.0,0.0511616007757027,1299.0,56.0893098782138,Moderate,False,False,False
2023,IL,Illinois,Iroquois,17075,26136,11,1.0,0.0509114626395917,1300.0,56.05548037889039,Moderate,False,False,False
2023,IL,Illinois,Pike,17149,14342,11,1.0,0.0504829651784331,1301.0,56.02165087956698,Moderate,False,False,False
2023,AR,Arkansas,Lonoke,5085,75944,11,1.0,0.0491145812880518,1302.0,55.98782138024357,Moderate,False,False,False
2023,WI,Wisconsin,Clark,55019,34774,11,1.0,0.0485457681330608,1303.0,55.95399188092016,Moderate,False,False,False
2023,TX,Texas,Goliad,48175,7144,11,1.0,0.0477824772215359,1304.0,55.92016238159675,Moderate,False,False,False
2023,IN,Indiana,St. Joseph,18141,272848,11,1.0,0.0470694283782418,1305.0,55.88633288227334,Moderate,False,False,False
2023,IL,Illinois,Saline,17165,22873,11,1.0,0.0466165234119997,1306.0,55.85250338294993,Moderate,False,False,False
2023,IN,Indiana,Clark,18019,125467,11,1.0,0.0454054542840329,1307.0,55.81867388362652,Moderate,False,False,False
2023,NC,North Carolina,McDowell,37111,44893,11,1.0,0.0441802248911917,1308.0,55.78484438430311,Moderate,False,False,False
2023,KS,Kansas,Russell,20167,6723,11,1.0,0.0435808689114611,1309.0,55.751014884979696,Moderate,False,False,False
2023,AL,Alabama,Jefferson,1073,662895,11,1.0,0.0417972213619016,1310.0,55.717185385656286,Moderate,False,False,False
2023,OK,Oklahoma,Oklahoma,40109,808866,11,1.0,0.0416412074177776,1311.0,55.68335588633288,Moderate,False,False,False
2023,OR,Oregon,Douglas,41019,112435,11,1.0,0.0412500290285655,1312.0,55.64952638700947,Moderate,False,False,False
2023,NC,North Carolina,Rowan,37159,151661,11,1.0,0.0412260561961086,1313.0,55.61569688768606,Moderate,False,False,False
2023,OR,Oregon,Wheeler,41069,1436,11,1.0,0.0403673972756275,1314.0,55.581867388362646,Moderate,False,False,False
2023,MS,Mississippi,Lee,28081,82799,11,1.0,0.0403297384948665,1315.0,55.54803788903924,Moderate,False,False,False
2023,KS,Kansas,Anderson,20003,7838,11,1.0,0.040156722303464,1316.0,55.51420838971583,Moderate,False,False,False
2023,OH,Ohio,Preble,39135,40556,11,1.0,0.0384490723361337,1317.0,55.48037889039242,Moderate,False,False,False
2023,OH,Ohio,Huron,39077,58199,11,1.0,0.0364364077542542,1318.0,55.44654939106901,Moderate,False,False,False
2023,TX,Texas,Lavaca,48285,20571,11,1.0,0.0347498996984927,1319.0,55.4127198917456,Moderate,False,False,False
2023,MN,Minnesota,Nobles,27105,21727,11,1.0,0.0346528053242599,1320.0,55.3788903924222,Moderate,False,False,False
2023,ME,Maine,Penobscot,23019,155312,11,1.0,0.034431753243887,1321.0,55.34506089309878,Moderate,False,False,False
2023,OR,Oregon,Sherman,41055,1951,11,1.0,0.0341912696740626,1322.0,55.31123139377537,Moderate,False,False,False
2023,IL,Illinois,Knox,17095,48411,11,1.0,0.0335229801413942,1323.0,55.27740189445196,Moderate,False,False,False
2023,KS,Kansas,Wilson,20205,8382,11,1.0,0.0334309617528195,1324.0,55.24357239512855,Moderate,False,False,False
2023,TX,Texas,Montague,48337,21598,11,1.0,0.0302127252552821,1325.0,55.20974289580515,Moderate,False,False,False
2023,NC,North Carolina,Harnett,37085,141477,11,1.0,0.0301217572482546,1326.0,55.17591339648173,Moderate,False,False,False
2023,MO,Missouri,Warren,29219,37806,11,1.0,0.0281935516140277,1327.0,55.14208389715832,Moderate,False,False,False
2023,MO,Missouri,DeKalb,29063,9899,11,1.0,0.0281748499922325,1328.0,55.10825439783491,Moderate,False,False,False
2023,CA,California,Colusa,6011,22037,11,1.0,0.0275919862145133,1329.0,55.074424898511495,Moderate,False,False,False
2023,TX,Texas,Aransas,48007,25374,11,1.0,0.0275864279525083,1330.0,55.0405953991881,Moderate,False,False,False
2023,MI,Michigan,Alcona,26001,10489,11,1.0,0.027583784545408,1331.0,55.00676589986468,Moderate,False,False,False
2023,MO,Missouri,Putnam,29171,4638,11,1.0,0.0272931784095158,1332.0,54.97293640054127,Moderate,False,False,False
2023,IA,Iowa,Van Buren,19177,7266,11,1.0,0.0265415637268053,1333.0,54.93910690121786,Moderate,False,False,False
2023,IL,Illinois,Cass,17017,12596,11,1.0,0.0253169994620602,1334.0,54.905277401894445,Moderate,False,False,False
2023,ID,Idaho,Clark,16033,801,11,1.0,0.0243421457343731,1335.0,54.87144790257105,Moderate,False,False,False
2023,MO,Missouri,Schuyler,29197,4053,11,1.0,0.0242193245653075,1336.0,54.83761840324763,Moderate,False,False,False
2023,NC,North Carolina,Alexander,37003,36473,11,1.0,0.0239274853860145,1337.0,54.80378890392422,Moderate,False,False,False
2023,MT,Montana,Wheatland,30107,2057,11,1.0,0.0201541987490574,1338.0,54.76995940460081,Moderate,False,False,False
2023,CO,Colorado,Crowley,8025,5636,11,1.0,0.0193854093117336,1339.0,54.736129905277394,Moderate,False,False,False
2023,KS,Kansas,Edwards,20047,2733,11,1.0,0.0183336570332993,1340.0,54.702300405954,Moderate,False,False,False
2023,IN,Indiana,Wabash,18169,30670,11,1.0,0.0180005020498548,1341.0,54.66847090663058,Moderate,False,False,False
2023,SC,South Carolina,Spartanburg,45083,356698,11,1.0,0.0174594655590172,1342.0,54.63464140730717,Moderate,False,False,False
2023,NM,New Mexico,Roosevelt,35041,18787,11,1.0,0.0172670216200118,1343.0,54.60081190798376,Moderate,False,False,False
2023,NC,North Carolina,Jackson,37099,44574,11,1.0,0.0169276294863855,1344.0,54.56698240866034,Moderate,False,False,False
2023,OK,Oklahoma,Tulsa,40143,682868,11,1.0,0.0164279232283686,1345.0,54.53315290933695,Moderate,False,False,False
2023,ID,Idaho,Gooding,16047,16061,11,1.0,0.015476646767805,1346.0,54.49932341001353,Moderate,False,False,False
2023,AR,Arkansas,Faulkner,5045,129951,11,1.0,0.015195347810741,1347.0,54.46549391069012,Moderate,False,False,False
2023,SC,South Carolina,Pickens,45077,135495,11,1.0,0.015002720662724,1348.0,54.43166441136671,Moderate,False,False,False
2023,VA,Virginia,Caroline,51033,32640,11,1.0,0.0133800213567109,1349.0,54.397834912043294,Moderate,False,False,False
2023,WI,Wisconsin,Rusk,55107,14143,11,1.0,0.0130433538779079,1350.0,54.3640054127199,Moderate,False,False,False
2023,WI,Wisconsin,Jackson,55053,20855,11,1.0,0.0130365749673891,1351.0,54.33017591339648,Moderate,False,False,False
2023,CA,California,Lake,6033,67878,11,1.0,0.012881399336575,1352.0,54.29634641407307,Moderate,False,False,False
2023,NE,Nebraska,Sioux,31165,1154,11,1.0,0.0116089527525954,1353.0,54.26251691474966,Moderate,False,False,False
2023,FL,Florida,Franklin,12037,12594,11,1.0,0.0106259801498628,1354.0,54.22868741542624,Moderate,False,False,False
2023,ME,Maine,Oxford,23017,59905,11,1.0,0.0097191859436218,1355.0,54.19485791610285,Moderate,False,False,False
2023,ID,Idaho,Benewah,16009,10369,11,1.0,0.0086379027946822,1356.0,54.16102841677943,Moderate,False,False,False
2023,ID,Idaho,Lewis,16061,3739,11,1.0,0.0083963306116141,1357.0,54.12719891745602,Moderate,False,False,False
2023,VA,Virginia,Surry,51181,6593,11,1.0,0.0062535712960762,1358.0,54.09336941813261,Moderate,False,False,False
2023,IN,Indiana,Kosciusko,18085,80364,11,1.0,0.0062479119128652,1359.0,54.05953991880919,Moderate,False,False,False
2023,IL,Illinois,Greene,17061,11543,11,1.0,0.0047451727708428,1360.0,54.0257104194858,Moderate,False,False,False
2023,KS,Kansas,Norton,20137,5330,11,1.0,0.0042040454019229,1361.0,53.99188092016238,Moderate,False,False,False
2023,TN,Tennessee,Maury,47119,110760,11,1.0,0.0041229932944811,1362.0,53.95805142083897,Moderate,False,False,False
2023,CO,Colorado,Baca,8009,3344,11,1.0,0.0037117421511642,1363.0,53.92422192151556,Moderate,False,False,False
2023,TX,Texas,Waller,48473,63553,11,1.0,0.0036042104578097,1364.0,53.89039242219216,Moderate,False,False,False
2023,AL,Alabama,St. Clair,1115,95552,11,1.0,0.0026950281759002,1365.0,53.85656292286875,Moderate,False,False,False
2023,OR,Oregon,Gilliam,41021,2026,11,1.0,0.0005474585720044,1366.0,53.82273342354533,Moderate,False,False,False
2023,MI,Michigan,Lenawee,26091,97520,11,1.0,-0.0004019835361088,1367.0,53.78890392422192,Moderate,False,False,False
2023,TX,Texas,Coryell,48099,84878,11,1.0,-0.0006714022629025,1368.0,53.75507442489851,Moderate,False,False,False
2023,MI,Michigan,Shiawassee,26155,68025,11,1.0,-0.0025152989887707,1369.0,53.72124492557511,Moderate,False,False,False
2023,VA,Virginia,Richmond,51760,229247,11,1.0,-0.002612261547047,1370.0,53.6874154262517,Moderate,False,False,False
2023,MO,Missouri,Perry,29157,18950,11,1.0,-0.0031971979394777,1371.0,53.65358592692828,Moderate,False,False,False
2023,KS,Kansas,Morton,20129,2580,11,1.0,-0.003221833835101,1372.0,53.61975642760487,Moderate,False,False,False
2023,NC,North Carolina,Perquimans,37143,13377,11,1.0,-0.0033654859259144,1373.0,53.58592692828146,Moderate,False,False,False
2023,ND,North Dakota,Mountrail,38061,9383,11,1.0,-0.0042223693801247,1374.0,53.55209742895806,Moderate,False,False,False
2023,WI,Wisconsin,Marquette,55077,15838,11,1.0,-0.004868987550912,1375.0,53.518267929634646,Moderate,False,False,False
2023,NV,Nevada,White Pine,32033,8522,11,1.0,-0.0053161079879226,1376.0,53.48443843031123,Moderate,False,False,False
2023,NY,New York,St. Lawrence,36089,106940,11,1.0,-0.0054624924272439,1377.0,53.45060893098782,Moderate,False,False,False
2023,KS,Kansas,Lyon,20111,32172,11,1.0,-0.0056681726867517,1378.0,53.41677943166441,Moderate,False,False,False
2023,VA,Virginia,Manassas Park,51685,16361,11,1.0,-0.0065769934022273,1379.0,53.382949932341006,Moderate,False,False,False
2023,GA,Georgia,Clarke,13059,129933,11,1.0,-0.0083445642647522,1380.0,53.3491204330176,Moderate,False,False,False
2023,WV,West Virginia,Monongalia,54061,107718,11,1.0,-0.0087764170846109,1381.0,53.31529093369418,Moderate,False,False,False
2023,MO,Missouri,Pulaski,29169,53812,11,1.0,-0.0092048405773414,1382.0,53.28146143437077,Moderate,False,False,False
2023,SC,South Carolina,Anderson,45007,213076,11,1.0,-0.0110484584922606,1383.0,53.24763193504736,Moderate,False,False,False
2023,IA,Iowa,Lucas,19117,8747,11,1.0,-0.0121890469806686,1384.0,53.21380243572396,Moderate,False,False,False
2023,NM,New Mexico,DoÃ±a Ana,35013,225210,11,1.0,-0.0151095888930658,1385.0,53.17997293640055,Moderate,False,False,False
2023,AL,Alabama,Autauga,1001,60342,11,1.0,-0.01534279265923,1386.0,53.14614343707713,Moderate,False,False,False
2023,IN,Indiana,Franklin,18047,23096,11,1.0,-0.0165247192970808,1387.0,53.11231393775372,Moderate,False,False,False
2023,VA,Virginia,Shenandoah,51171,45228,11,1.0,-0.0182392187081579,1388.0,53.07848443843031,Moderate,False,False,False
2023,IA,Iowa,Page,19145,15014,11,1.0,-0.018795453009763,1389.0,53.044654939106906,Moderate,False,False,False
2023,AR,Arkansas,Washington,5143,261549,11,1.0,-0.0188170509280091,1390.0,53.010825439783495,Moderate,False,False,False
2023,IL,Illinois,Fulton,17057,32541,11,1.0,-0.0198760147714429,1391.0,52.97699594046008,Moderate,False,False,False
2023,TX,Texas,Oldham,48359,1783,11,1.0,-0.0201819799465014,1392.0,52.94316644113667,Moderate,False,False,False
2023,MI,Michigan,Mason,26105,29159,11,1.0,-0.0210115700464372,1393.0,52.90933694181326,Moderate,False,False,False
2023,TX,Texas,Young,48503,18124,11,1.0,-0.0219974855240377,1394.0,52.875507442489855,Moderate,False,False,False
2023,FL,Florida,Gilchrist,12041,19587,11,1.0,-0.0220518510957462,1395.0,52.841677943166445,Moderate,False,False,False
2023,NC,North Carolina,Granville,37077,62192,11,1.0,-0.0229764827984257,1396.0,52.80784844384303,Moderate,False,False,False
2023,TX,Texas,Tom Green,48451,119057,11,1.0,-0.0233399871507164,1397.0,52.77401894451962,Moderate,False,False,False
2023,WV,West Virginia,Jefferson,54037,59787,11,1.0,-0.0242697195154083,1398.0,52.74018944519621,Moderate,False,False,False
2023,NC,North Carolina,Stanly,37167,65699,11,1.0,-0.0245009630193252,1399.0,52.706359945872805,Moderate,False,False,False
2023,TX,Texas,Medina,48325,54797,11,1.0,-0.0246930805171958,1400.0,52.6725304465494,Moderate,False,False,False
2023,IN,Indiana,Putnam,18133,37567,11,1.0,-0.0253952022071009,1401.0,52.63870094722598,Moderate,False,False,False
2023,KS,Kansas,Reno,20155,61497,11,1.0,-0.0262712493971993,1402.0,52.60487144790257,Moderate,False,False,False
2023,VA,Virginia,Waynesboro,51820,23182,11,1.0,-0.0273532640393824,1403.0,52.57104194857916,Moderate,False,False,False
2023,MI,Michigan,Berrien,26021,152261,11,1.0,-0.0278596947253024,1404.0,52.53721244925576,Moderate,False,False,False
2023,OK,Oklahoma,Grady,40051,57375,11,1.0,-0.0283860687667822,1405.0,52.503382949932345,Moderate,False,False,False
2023,CA,California,Lassen,6035,28861,11,1.0,-0.0296627772949976,1406.0,52.46955345060893,Moderate,False,False,False
2023,TN,Tennessee,Knox,47093,500669,11,1.0,-0.0299974709752406,1407.0,52.43572395128552,Moderate,False,False,False
2023,NC,North Carolina,Yancey,37199,18938,11,1.0,-0.0302712341507207,1408.0,52.40189445196211,Moderate,False,False,False
2023,ID,Idaho,Shoshone,16079,14026,11,1.0,-0.0304257713786588,1409.0,52.368064952638704,Moderate,False,False,False
2023,KS,Kansas,Rawlins,20153,2463,11,1.0,-0.0313961978168237,1410.0,52.334235453315294,Moderate,False,False,False
2023,WI,Wisconsin,Milwaukee,55079,916205,11,1.0,-0.0318386496369505,1411.0,52.30040595399188,Moderate,False,False,False
2023,KS,Kansas,Greenwood,20073,5870,11,1.0,-0.0324130727184105,1412.0,52.26657645466847,Moderate,False,False,False
2023,AL,Alabama,Elmore,1051,90441,11,1.0,-0.0326105865418222,1413.0,52.23274695534506,Moderate,False,False,False
2023,TX,Texas,Hutchinson,48233,20033,11,1.0,-0.0329056600105015,1414.0,52.19891745602165,Moderate,False,False,False
2023,OR,Oregon,Marion,41047,346741,11,1.0,-0.0331039292481212,1415.0,52.16508795669824,Moderate,False,False,False
2023,NC,North Carolina,Stokes,37169,45532,11,1.0,-0.0340263756532789,1416.0,52.13125845737483,Moderate,False,False,False
2023,NC,North Carolina,Davidson,37057,174804,11,1.0,-0.0340508009768527,1417.0,52.09742895805142,Moderate,False,False,False
2023,OR,Oregon,Linn,41043,131496,11,1.0,-0.0346690407284219,1418.0,52.063599458728014,Moderate,False,False,False
2023,LA,Louisiana,St. Charles,22089,50620,11,1.0,-0.0347810094734279,1419.0,52.02976995940461,Moderate,False,False,False
2023,IN,Indiana,Wells,18179,28555,11,1.0,-0.0350027852319762,1420.0,51.9959404600812,Moderate,False,False,False
2023,TX,Texas,Wood,48499,47921,11,1.0,-0.0355625604097347,1421.0,51.96211096075778,Moderate,False,False,False
2023,OH,Ohio,Van Wert,39161,28704,11,1.0,-0.0360555889444978,1422.0,51.928281461434366,Moderate,False,False,False
2023,TX,Texas,Colorado,48089,21117,11,1.0,-0.0364860521225742,1423.0,51.89445196211096,Moderate,False,False,False
2023,OK,Oklahoma,Kingfisher,40073,15481,11,1.0,-0.0366003213476205,1424.0,51.86062246278755,Moderate,False,False,False
2023,LA,Louisiana,Lafayette,22055,249750,11,1.0,-0.0370799674812286,1425.0,51.82679296346414,Moderate,False,False,False
2023,MD,Maryland,Washington,24043,155813,11,1.0,-0.0375202204492775,1426.0,51.792963464140726,Moderate,False,False,False
2023,TN,Tennessee,Sumner,47165,207994,11,1.0,-0.0377160825357098,1427.0,51.75913396481732,Moderate,False,False,False
2023,MT,Montana,Golden Valley,30037,835,11,1.0,-0.0392909703225338,1428.0,51.72530446549391,Moderate,False,False,False
2023,TX,Texas,Smith,48423,245209,11,1.0,-0.0395514369157292,1429.0,51.6914749661705,Moderate,False,False,False
2023,OH,Ohio,Wayne,39169,116510,11,1.0,-0.0405879183263131,1430.0,51.65764546684709,Moderate,False,False,False
2023,MA,Massachusetts,Hampden,25013,460291,11,1.0,-0.0421086598995871,1431.0,51.62381596752368,Moderate,False,False,False
2023,OR,Oregon,Umatilla,41059,80053,11,1.0,-0.0431728615498671,1432.0,51.589986468200266,Moderate,False,False,False
2023,MI,Michigan,Manistee,26101,25562,11,1.0,-0.0437199945879457,1433.0,51.55615696887686,Moderate,False,False,False
2023,MI,Michigan,Cass,26027,51642,11,1.0,-0.0437819935879702,1434.0,51.52232746955345,Moderate,False,False,False
2023,OH,Ohio,Seneca,39147,54527,11,1.0,-0.0451966142821201,1435.0,51.48849797023004,Moderate,False,False,False
2023,WA,Washington,Grays Harbor,53027,77290,11,1.0,-0.046456591824347,1436.0,51.45466847090663,Moderate,False,False,False
2023,CA,California,Tehama,6103,64896,11,1.0,-0.047135256308116,1437.0,51.420838971583215,Moderate,False,False,False
2023,OH,Ohio,Champaign,39021,38845,11,1.0,-0.0477321859931909,1438.0,51.38700947225981,Moderate,False,False,False
2023,NC,North Carolina,Avery,37011,17561,11,1.0,-0.0478473960461585,1439.0,51.3531799729364,Moderate,False,False,False
2023,NC,North Carolina,Cherokee,37039,29959,11,1.0,-0.0488638426674982,1440.0,51.31935047361299,Moderate,False,False,False
2023,NC,North Carolina,Ashe,37009,27063,11,1.0,-0.0495824255541143,1441.0,51.285520974289575,Moderate,False,False,False
2023,KS,Kansas,Bourbon,20011,14408,11,1.0,-0.0505688464960011,1442.0,51.251691474966165,Moderate,False,False,False
2023,AR,Arkansas,Grant,5053,18383,11,1.0,-0.050966973893572,1443.0,51.21786197564276,Moderate,False,False,False
2023,AL,Alabama,Lee,1081,183215,11,1.0,-0.0530136279612638,1444.0,51.18403247631935,Moderate,False,False,False
2023,MO,Missouri,Callaway,29027,44731,11,1.0,-0.0530244484978041,1445.0,51.15020297699594,Moderate,False,False,False
2023,KS,Kansas,Cowley,20035,34157,11,1.0,-0.0531065940583626,1446.0,51.116373477672525,Moderate,False,False,False
2023,AL,Alabama,Lauderdale,1077,96814,11,1.0,-0.0540950302303807,1447.0,51.08254397834912,Moderate,False,False,False
2023,MO,Missouri,Clinton,29049,21548,11,1.0,-0.0545147085106782,1448.0,51.04871447902571,Moderate,False,False,False
2023,ID,Idaho,Washington,16087,11425,11,1.0,-0.055720591071024,1449.0,51.0148849797023,Moderate,False,False,False
2023,TX,Texas,Cooke,48097,43782,11,1.0,-0.0560821211085063,1450.0,50.98105548037889,Moderate,False,False,False
2023,NM,New Mexico,San Miguel,35047,26668,11,1.0,-0.0567086748437645,1451.0,50.94722598105548,Moderate,False,False,False
2023,FL,Florida,Baker,12003,28368,11,1.0,-0.0574885882597782,1452.0,50.91339648173207,Moderate,False,False,False
2023,MD,Maryland,Wicomico,24045,104800,11,1.0,-0.0576009593573807,1453.0,50.87956698240866,Moderate,False,False,False
2023,IA,Iowa,Decatur,19053,7665,11,1.0,-0.0591606408609191,1454.0,50.84573748308525,Moderate,False,False,False
2023,OR,Oregon,Coos,41011,64212,11,1.0,-0.0600735170726125,1455.0,50.81190798376184,Moderate,False,False,False
2023,MO,Missouri,Ste. Genevieve,29186,18642,11,1.0,-0.0604426802301747,1456.0,50.77807848443842,Moderate,False,False,False
2023,TX,Texas,Martin,48317,5216,11,1.0,-0.0621768896141477,1457.0,50.74424898511503,Moderate,False,False,False
2023,CA,California,Modoc,6049,8500,11,1.0,-0.0627289655896164,1458.0,50.71041948579161,Moderate,False,False,False
2023,NM,New Mexico,Valencia,35061,79141,11,1.0,-0.0627292505103854,1459.0,50.6765899864682,Moderate,False,False,False
2023,IA,Iowa,Franklin,19069,9875,11,1.0,-0.0631415590858114,1460.0,50.64276048714479,Moderate,False,False,False
2023,OR,Oregon,Wasco,41065,26333,11,1.0,-0.0636777120672875,1461.0,50.608930987821374,Moderate,False,False,False
2023,FL,Florida,Marion,12083,409959,11,1.0,-0.0646108044639864,1462.0,50.57510148849798,Moderate,False,False,False
2023,TX,Texas,Bexar,48029,2087679,11,1.0,-0.0657291360256019,1463.0,50.54127198917456,Moderate,False,False,False
2023,MO,Missouri,Howard,29089,10101,11,1.0,-0.0667382862207763,1464.0,50.50744248985115,Moderate,False,False,False
2023,AK,Alaska,Yakutat,2282,687,11,1.0,-0.0671112371040979,1465.0,50.47361299052774,Moderate,False,False,False
2023,MO,Missouri,Macon,29121,15161,11,1.0,-0.0691632336922743,1466.0,50.43978349120432,Moderate,False,False,False
2023,ND,North Dakota,Towner,38095,2030,11,1.0,-0.0694552778458069,1467.0,50.40595399188093,Moderate,False,False,False
2023,TX,Texas,Calhoun,48057,19696,11,1.0,-0.0697508392710622,1468.0,50.37212449255751,Moderate,False,False,False
2023,VA,Virginia,Dinwiddie,51053,28343,11,1.0,-0.0701970025906061,1469.0,50.3382949932341,Moderate,False,False,False
2023,MO,Missouri,Johnson,29101,54962,11,1.0,-0.0701975311889168,1470.0,50.30446549391069,Moderate,False,False,False
2023,AZ,Arizona,Santa Cruz,4023,49158,11,1.0,-0.0702928678826093,1471.0,50.27063599458727,Moderate,False,False,False
2023,MO,Missouri,Lincoln,29113,64699,11,1.0,-0.0703448764982835,1472.0,50.23680649526388,Moderate,False,False,False
2023,IA,Iowa,Osceola,19143,5978,11,1.0,-0.0705464678825478,1473.0,50.20297699594046,Moderate,False,False,False
2023,IL,Illinois,Randolph,17157,29815,11,1.0,-0.0731117618624669,1474.0,50.16914749661705,Moderate,False,False,False
2023,IA,Iowa,Clayton,19043,16969,11,1.0,-0.0734048910032129,1475.0,50.13531799729364,Moderate,False,False,False
2023,MO,Missouri,Cooper,29053,16947,11,1.0,-0.0738632481750691,1476.0,50.10148849797022,Moderate,False,False,False
2023,MI,Michigan,Ionia,26067,66262,11,1.0,-0.0742340750357543,1477.0,50.06765899864683,Moderate,False,False,False
2023,GA,Georgia,Camden,13039,58118,11,1.0,-0.0750069168845104,1478.0,50.03382949932341,Moderate,False,False,False
2023,TX,Texas,Motley,48345,1020,11,1.0,-0.0750084253565916,1479.0,50.0,Moderate,False,False,False
2023,IN,Indiana,Ohio,18115,6004,11,1.0,-0.0760522400155002,1480.0,49.96617050067659,Moderate,False,False,False
2023,KS,Kansas,Brown,20013,9250,11,1.0,-0.0766111192781929,1481.0,49.93234100135318,Moderate,False,False,False
2023,NE,Nebraska,Kimball,31105,3289,11,1.0,-0.0779580345779993,1482.0,49.89851150202977,Moderate,False,False,False
2023,VA,Virginia,Prince George,51149,42871,11,1.0,-0.0796411495100554,1483.0,49.86468200270636,Moderate,False,False,False
2023,KS,Kansas,Barton,20009,24899,11,1.0,-0.0804734867015035,1484.0,49.83085250338295,Moderate,False,False,False
2023,TX,Texas,Erath,48143,44195,11,1.0,-0.0805472554259312,1485.0,49.79702300405954,Moderate,False,False,False
2023,IL,Illinois,Macon,17115,100591,11,1.0,-0.080834651355397,1486.0,49.76319350473613,Moderate,False,False,False
2023,TX,Texas,Lubbock,48303,320940,11,1.0,-0.081689866290341,1487.0,49.72936400541272,Moderate,False,False,False
2023,IL,Illinois,Wabash,17185,10942,11,1.0,-0.0823976348439052,1488.0,49.69553450608931,Moderate,False,False,False
2023,NV,Nevada,Elko,32007,54293,11,1.0,-0.0832166904631742,1489.0,49.6617050067659,Moderate,False,False,False
2023,KS,Kansas,Chase,20017,2579,11,1.0,-0.0832332002070434,1490.0,49.62787550744249,Moderate,False,False,False
2023,NC,North Carolina,Macon,37113,38412,11,1.0,-0.0837024704562342,1491.0,49.59404600811908,Moderate,False,False,False
2023,KS,Kansas,Republic,20157,4627,11,1.0,-0.0843128919243027,1492.0,49.56021650879567,Moderate,False,False,False
2023,ME,Maine,Franklin,23007,30828,11,1.0,-0.0856527663402305,1493.0,49.52638700947226,Moderate,False,False,False
2023,IN,Indiana,Decatur,18031,26399,11,1.0,-0.0861412355411222,1494.0,49.49255751014885,Moderate,False,False,False
2023,VA,Virginia,Southampton,51175,17975,11,1.0,-0.0863263789661932,1495.0,49.45872801082544,Moderate,False,False,False
2023,MN,Minnesota,Beltrami,27007,46718,11,1.0,-0.0865450979182344,1496.0,49.42489851150203,Moderate,False,False,False
2023,OH,Ohio,Erie,39043,74035,11,1.0,-0.0867552583213569,1497.0,49.39106901217862,Moderate,False,False,False
2023,IA,Iowa,Tama,19171,16833,11,1.0,-0.0868495920259488,1498.0,49.35723951285521,Moderate,False,False,False
2023,TX,Texas,Brazos,48041,244703,11,1.0,-0.0883441131570752,1499.0,49.3234100135318,Moderate,False,False,False
2023,WA,Washington,Grant,53025,102678,11,1.0,-0.0886258433070347,1500.0,49.28958051420839,Moderate,False,False,False
2023,IL,Illinois,Jefferson,17081,36320,11,1.0,-0.0888290852008869,1501.0,49.25575101488498,Moderate,False,False,False
2023,TX,Texas,Hardin,48199,58261,11,1.0,-0.0891549808281853,1502.0,49.22192151556157,Moderate,False,False,False
2023,GA,Georgia,Glynn,13127,86172,11,1.0,-0.0898925437943697,1503.0,49.18809201623816,Moderate,False,False,False
2023,KS,Kansas,Neosho,20133,15420,11,1.0,-0.0906859606548828,1504.0,49.15426251691475,Moderate,False,False,False
2023,LA,Louisiana,Ascension,22005,131632,11,1.0,-0.0911587044692266,1505.0,49.12043301759134,Moderate,False,False,False
2023,IL,Illinois,McDonough,17109,26839,11,1.0,-0.0914806433566777,1506.0,49.08660351826793,Moderate,False,False,False
2023,AK,Alaska,Hoonah-Angoon,2105,2262,11,1.0,-0.0921096067339745,1507.0,49.05277401894452,Moderate,False,False,False
2023,IA,Iowa,Keokuk,19107,9914,11,1.0,-0.0922193158831211,1508.0,49.01894451962111,Moderate,False,False,False
2023,SC,South Carolina,Kershaw,45055,69905,11,1.0,-0.092553558910368,1509.0,48.9851150202977,Moderate,False,False,False
2023,IL,Illinois,Edgar,17045,16334,11,1.0,-0.0933136383680499,1510.0,48.95128552097429,Moderate,False,False,False
2023,VA,Virginia,Giles,51071,16457,11,1.0,-0.0934745551769788,1511.0,48.91745602165088,Moderate,False,False,False
2023,GA,Georgia,Oglethorpe,13221,15754,11,1.0,-0.0941030005336795,1512.0,48.88362652232747,Moderate,False,False,False
2023,FL,Florida,Escambia,12033,326928,11,1.0,-0.0952372196899667,1513.0,48.84979702300406,Moderate,False,False,False
2023,IA,Iowa,Cass,19029,13130,11,1.0,-0.0955586331536644,1514.0,48.81596752368065,Moderate,False,False,False
2023,MN,Minnesota,Todd,27153,25667,11,1.0,-0.0969880201347056,1515.0,48.78213802435724,Moderate,False,False,False
2023,MI,Michigan,St. Clair,26147,159874,11,1.0,-0.0986587657313066,1516.0,48.74830852503383,Moderate,False,False,False
2023,IL,Illinois,Coles,17029,46060,11,1.0,-0.099810440920861,1517.0,48.714479025710425,Moderate,False,False,False
2023,CA,California,Stanislaus,6099,551430,11,1.0,-0.1017757787735222,1518.0,48.68064952638701,Moderate,False,False,False
2023,TX,Texas,Dallas,48113,2606358,11,1.0,-0.1032890023339854,1519.0,48.6468200270636,Moderate,False,False,False
2023,OK,Oklahoma,Logan,40083,53029,11,1.0,-0.1038642320092715,1520.0,48.61299052774019,Moderate,False,False,False
2023,OH,Ohio,Lorain,39093,317910,11,1.0,-0.1059299606362068,1521.0,48.57916102841678,Moderate,False,False,False
2023,ID,Idaho,Madison,16065,54547,11,1.0,-0.1068514840916056,1522.0,48.545331529093374,Moderate,False,False,False
2023,MI,Michigan,Bay,26017,102500,11,1.0,-0.1069403913179395,1523.0,48.51150202976996,Moderate,False,False,False
2023,TX,Texas,Kaufman,48257,185690,11,1.0,-0.1076220111755136,1524.0,48.47767253044655,Moderate,False,False,False
2023,MT,Montana,Sanders,30089,13684,11,1.0,-0.1080622331135729,1525.0,48.44384303112314,Moderate,False,False,False
2023,WI,Wisconsin,Grant,55043,51409,11,1.0,-0.1085537732302118,1526.0,48.41001353179973,Moderate,False,False,False
2023,ID,Idaho,Power,16077,8253,11,1.0,-0.1086284698726674,1527.0,48.37618403247632,Moderate,False,False,False
2023,IL,Illinois,Kankakee,17091,105940,11,1.0,-0.1088097689856194,1528.0,48.34235453315291,Moderate,False,False,False
2023,TN,Tennessee,Davidson,47037,712334,11,1.0,-0.1089700915003121,1529.0,48.3085250338295,Moderate,False,False,False
2023,TX,Texas,Bosque,48035,18996,11,1.0,-0.1110074519874598,1530.0,48.27469553450609,Moderate,False,False,False
2023,NC,North Carolina,Pasquotank,37139,41444,11,1.0,-0.1111454454314852,1531.0,48.24086603518268,Moderate,False,False,False
2023,IA,Iowa,Wayne,19185,6557,11,1.0,-0.1113132273443724,1532.0,48.20703653585928,Moderate,False,False,False
2023,AZ,Arizona,Graham,4009,39525,11,1.0,-0.1125407148905093,1533.0,48.17320703653586,Moderate,False,False,False
2023,TX,Texas,Schleicher,48413,2391,11,1.0,-0.1142940617804257,1534.0,48.13937753721245,Moderate,False,False,False
2023,NC,North Carolina,Watauga,37189,54748,11,1.0,-0.1148566415732759,1535.0,48.10554803788904,Moderate,False,False,False
2023,TX,Texas,Burleson,48051,19475,11,1.0,-0.1152907346401898,1536.0,48.07171853856563,Moderate,False,False,False
2023,NV,Nevada,Churchill,32001,25803,11,1.0,-0.1158252272389799,1537.0,48.03788903924222,Moderate,False,False,False
2023,KS,Kansas,Lincoln,20105,2920,11,1.0,-0.1164234389883108,1538.0,48.004059539918806,Moderate,False,False,False
2023,MO,Missouri,Franklin,29071,106404,11,1.0,-0.1169168328025602,1539.0,47.9702300405954,Moderate,False,False,False
2023,IL,Illinois,Stephenson,17177,43105,11,1.0,-0.1174912193136228,1540.0,47.93640054127199,Moderate,False,False,False
2023,WI,Wisconsin,Green Lake,55047,19344,11,1.0,-0.1176534546125624,1541.0,47.902571041948576,Moderate,False,False,False
2023,NC,North Carolina,Graham,37075,8052,11,1.0,-0.1181851404154053,1542.0,47.86874154262517,Moderate,False,False,False
2023,MS,Mississippi,Hancock,28045,46159,11,1.0,-0.1221511895312786,1543.0,47.83491204330176,Moderate,False,False,False
2023,GA,Georgia,Habersham,13137,48757,11,1.0,-0.1225908906023724,1544.0,47.80108254397835,Moderate,False,False,False
2023,MD,Maryland,Cecil,24015,105672,11,1.0,-0.1231748698316963,1545.0,47.767253044654936,Moderate,False,False,False
2023,OH,Ohio,Knox,39083,63320,11,1.0,-0.1234099477427948,1546.0,47.733423545331526,Moderate,False,False,False
2023,MN,Minnesota,Pine,27115,30197,11,1.0,-0.1239235054641274,1547.0,47.69959404600812,Moderate,False,False,False
2023,ND,North Dakota,Grant,38037,2215,11,1.0,-0.1254601533738271,1548.0,47.66576454668471,Moderate,False,False,False
2023,TX,Texas,Lampasas,48281,23262,11,1.0,-0.1255075088828018,1549.0,47.6319350473613,Moderate,False,False,False
2023,TN,Tennessee,Rutherford,47149,367101,11,1.0,-0.1263422032990994,1550.0,47.598105548037886,Moderate,False,False,False
2023,OH,Ohio,Butler,39017,393043,11,1.0,-0.1272459635898916,1551.0,47.56427604871448,Moderate,False,False,False
2023,IN,Indiana,Allen,18003,394545,11,1.0,-0.1274940769556085,1552.0,47.53044654939107,Moderate,False,False,False
2023,VT,Vermont,Essex,50009,6010,11,1.0,-0.1286639700689895,1553.0,47.496617050067655,Moderate,False,False,False
2023,KS,Kansas,Kearny,20093,3823,11,1.0,-0.1291791273085429,1554.0,47.46278755074425,Moderate,False,False,False
2023,VA,Virginia,Lancaster,51103,10859,11,1.0,-0.1296533449982597,1555.0,47.42895805142084,Moderate,False,False,False
2023,KS,Kansas,Cloud,20029,8854,11,1.0,-0.1296806263075409,1556.0,47.39512855209743,Moderate,False,False,False
2023,IN,Indiana,Harrison,18061,40006,11,1.0,-0.1317424888199738,1557.0,47.36129905277402,Moderate,False,False,False
2023,WA,Washington,Okanogan,53047,43712,11,1.0,-0.1319344690637066,1558.0,47.327469553450605,Moderate,False,False,False
2023,SD,South Dakota,Fall River,46047,7393,11,1.0,-0.1319878681004677,1559.0,47.2936400541272,Moderate,False,False,False
2023,WY,Wyoming,Niobrara,56027,2354,11,1.0,-0.1322277381963656,1560.0,47.259810554803785,Moderate,False,False,False
2023,GA,Georgia,Walton,13297,106702,11,1.0,-0.1324585627829677,1561.0,47.22598105548038,Moderate,False,False,False
2023,VA,Virginia,Pulaski,51155,33655,11,1.0,-0.1335681911175182,1562.0,47.19215155615697,Moderate,False,False,False
2023,TX,Texas,Harris,48201,4835125,11,1.0,-0.1346990272809793,1563.0,47.15832205683356,Moderate,False,False,False
2023,IL,Illinois,Morgan,17137,32140,11,1.0,-0.1354657137737908,1564.0,47.12449255751015,Moderate,False,False,False
2023,MO,Missouri,Camden,29029,44044,11,1.0,-0.1380452193853245,1565.0,47.090663058186735,Moderate,False,False,False
2023,OK,Oklahoma,Rogers,40131,100248,11,1.0,-0.1385989179391098,1566.0,47.05683355886333,Moderate,False,False,False
2023,OR,Oregon,Jefferson,41031,25454,11,1.0,-0.1390615537906057,1567.0,47.02300405953992,Moderate,False,False,False
2023,ID,Idaho,Minidoka,16067,22480,11,1.0,-0.1399982184826174,1568.0,46.989174560216505,Moderate,False,False,False
2023,MN,Minnesota,Wadena,27159,14241,11,1.0,-0.1402282198359067,1569.0,46.9553450608931,Moderate,False,False,False
2023,NM,New Mexico,De Baca,35011,1657,11,1.0,-0.1425516901416783,1570.0,46.92151556156968,Moderate,False,False,False
2023,NC,North Carolina,Franklin,37069,77001,11,1.0,-0.1438911976713718,1571.0,46.88768606224628,Moderate,False,False,False
2023,WI,Wisconsin,Price,55099,14102,11,1.0,-0.1470077266267095,1572.0,46.85385656292287,Moderate,False,False,False
2023,MT,Montana,Deer Lodge,30023,9673,11,1.0,-0.1471036383747032,1573.0,46.820027063599454,Moderate,False,False,False
2023,NY,New York,Franklin,36033,46502,11,1.0,-0.1481704339441042,1574.0,46.78619756427605,Moderate,False,False,False
2023,WI,Wisconsin,Lafayette,55065,16945,11,1.0,-0.1483856875418031,1575.0,46.75236806495264,Moderate,False,False,False
2023,IN,Indiana,Morgan,18109,73227,11,1.0,-0.1487091757537146,1576.0,46.71853856562923,Moderate,False,False,False
2023,OR,Oregon,Curry,41015,23296,11,1.0,-0.1489916156383054,1577.0,46.68470906630582,Moderate,False,False,False
2023,WI,Wisconsin,Langlade,55067,19404,11,1.0,-0.149307355351646,1578.0,46.6508795669824,Moderate,False,False,False
2023,TX,Texas,Bandera,48019,22637,11,1.0,-0.1496866728624844,1579.0,46.617050067659,Moderate,False,False,False
2023,CO,Colorado,Prowers,8099,11751,11,1.0,-0.1499110760643352,1580.0,46.583220568335584,Moderate,False,False,False
2023,TN,Tennessee,Hamilton,47065,379864,11,1.0,-0.1509002802469026,1581.0,46.54939106901218,Moderate,False,False,False
2023,NC,North Carolina,Gaston,37071,237242,11,1.0,-0.1520560039101189,1582.0,46.51556156968877,Moderate,False,False,False
2023,GA,Georgia,Bartow,13015,115041,11,1.0,-0.1527531650312248,1583.0,46.48173207036536,Moderate,False,False,False
2023,WI,Wisconsin,Taylor,55119,20058,11,1.0,-0.152766181784287,1584.0,46.44790257104195,Moderate,False,False,False
2023,CA,California,Glenn,6021,28129,11,1.0,-0.1529219294033889,1585.0,46.41407307171853,Moderate,False,False,False
2023,OR,Oregon,Grant,41023,7215,11,1.0,-0.1530479627588278,1586.0,46.38024357239513,Moderate,False,False,False
2023,CA,California,Sierra,6091,3200,11,1.0,-0.1531744733380327,1587.0,46.34641407307172,Moderate,False,False,False
2023,GA,Georgia,Gilmer,13123,32860,11,1.0,-0.1546372705430587,1588.0,46.31258457374831,Moderate,False,False,False
2023,MT,Montana,Chouteau,30015,5847,11,1.0,-0.1549838835479807,1589.0,46.2787550744249,Moderate,False,False,False
2023,AK,Alaska,North Slope,2185,10603,11,1.0,-0.1551300093025932,1590.0,46.24492557510148,Moderate,False,False,False
2023,OH,Ohio,Henry,39069,27520,11,1.0,-0.1570115168054953,1591.0,46.21109607577808,Moderate,False,False,False
2023,NM,New Mexico,Catron,35003,3825,11,1.0,-0.15778068176658,1592.0,46.17726657645467,Moderate,False,False,False
2023,KS,Kansas,Allen,20001,12412,11,1.0,-0.1578417207185539,1593.0,46.14343707713126,Moderate,False,False,False
2023,VA,Virginia,Franklin,51067,55549,11,1.0,-0.1580353194586592,1594.0,46.10960757780785,Moderate,False,False,False
2023,VA,Virginia,Campbell,51031,55270,11,1.0,-0.1584926820473169,1595.0,46.07577807848443,Moderate,False,False,False
2023,IA,Iowa,Woodbury,19193,105951,11,1.0,-0.1596259625470372,1596.0,46.04194857916103,Moderate,False,False,False
2023,NC,North Carolina,Alamance,37001,179165,11,1.0,-0.1597316127867048,1597.0,46.00811907983762,Moderate,False,False,False
2023,SD,South Dakota,Faulk,46049,2151,11,1.0,-0.1598931101889959,1598.0,45.97428958051421,Moderate,False,False,False
2023,IN,Indiana,Jasper,18073,33535,11,1.0,-0.1612753431464079,1599.0,45.9404600811908,Moderate,False,False,False
2023,TX,Texas,Taylor,48441,146836,11,1.0,-0.1616518008836081,1600.0,45.90663058186738,Moderate,False,False,False
2023,MS,Mississippi,Lamar,28073,66217,11,1.0,-0.1620149350157101,1601.0,45.87280108254398,Moderate,False,False,False
2023,MO,Missouri,Cape Girardeau,29031,82984,11,1.0,-0.1631720137002783,1602.0,45.83897158322057,Moderate,False,False,False
2023,MO,Missouri,Greene,29077,304611,11,1.0,-0.1649636008001112,1603.0,45.80514208389716,Moderate,False,False,False
2023,IL,Illinois,Montgomery,17135,27663,11,1.0,-0.1655997963024374,1604.0,45.77131258457375,Moderate,False,False,False
2023,FL,Florida,Gulf,12045,15693,11,1.0,-0.1659267775489434,1605.0,45.73748308525033,Moderate,False,False,False
2023,NV,Nevada,Pershing,32027,6364,11,1.0,-0.1660833964669938,1606.0,45.70365358592693,Moderate,False,False,False
2023,AZ,Arizona,Gila,4007,54003,11,1.0,-0.1670200819770929,1607.0,45.66982408660352,Moderate,False,False,False
2023,IA,Iowa,Buena Vista,19021,20567,11,1.0,-0.1681863121618708,1608.0,45.63599458728011,Moderate,False,False,False
2023,CO,Colorado,Jackson,8057,1309,11,1.0,-0.1685688014086537,1609.0,45.6021650879567,Moderate,False,False,False
2023,MN,Minnesota,Clearwater,27029,8644,11,1.0,-0.168700061664807,1610.0,45.56833558863329,Moderate,False,False,False
2023,TX,Texas,Rains,48379,12986,11,1.0,-0.1691933499517208,1611.0,45.53450608930988,Moderate,False,False,False
2023,OR,Oregon,Union,41061,25944,11,1.0,-0.1704397766013562,1612.0,45.50067658998647,Moderate,False,False,False
2023,IN,Indiana,Ripley,18137,29227,11,1.0,-0.1708680079779648,1613.0,45.46684709066306,Moderate,False,False,False
2023,OH,Ohio,Madison,39097,44602,11,1.0,-0.1713562252915533,1614.0,45.43301759133965,Moderate,False,False,False
2023,MI,Michigan,Monroe,26115,155045,11,1.0,-0.1716730270724046,1615.0,45.39918809201624,Moderate,False,False,False
2023,MO,Missouri,Lafayette,29107,33196,11,1.0,-0.1718176160150097,1616.0,45.36535859269283,Moderate,False,False,False
2023,IN,Indiana,Spencer,18147,19910,11,1.0,-0.1730842905641627,1617.0,45.33152909336942,Moderate,False,False,False
2023,MI,Michigan,Alger,26003,8757,11,1.0,-0.1739119102045243,1618.0,45.29769959404601,Moderate,False,False,False
2023,CO,Colorado,Costilla,8023,3628,11,1.0,-0.1746338910378018,1619.0,45.2638700947226,Moderate,False,False,False
2023,IA,Iowa,Davis,19051,9169,11,1.0,-0.1753170656124433,1620.0,45.23004059539919,Moderate,False,False,False
2023,WI,Wisconsin,Sawyer,55113,18552,11,1.0,-0.1776206575891358,1621.0,45.19621109607578,Moderate,False,False,False
2023,IA,Iowa,Wright,19197,12656,11,1.0,-0.1777928418584185,1622.0,45.16238159675237,Moderate,False,False,False
2023,AZ,Arizona,Mohave,4015,223682,11,1.0,-0.1787892892298859,1623.0,45.12855209742896,Moderate,False,False,False
2023,TX,Texas,Callahan,48059,14374,11,1.0,-0.1789493407985015,1624.0,45.09472259810555,Moderate,False,False,False
2023,IL,Illinois,Bond,17005,16450,11,1.0,-0.1800682418098388,1625.0,45.06089309878214,Moderate,False,False,False
2023,VA,Virginia,Craig,51045,4843,11,1.0,-0.1819196370610002,1626.0,45.02706359945873,Moderate,False,False,False
2023,OH,Ohio,Defiance,39039,38315,11,1.0,-0.1822883777305754,1627.0,44.99323410013532,Moderate,False,False,False
2023,KS,Kansas,Phillips,20147,4761,11,1.0,-0.1827909477220476,1628.0,44.95940460081191,Moderate,False,False,False
2023,FL,Florida,Hernando,12053,212807,11,1.0,-0.1841146315191382,1629.0,44.9255751014885,Moderate,False,False,False
2023,NC,North Carolina,Craven,37049,102391,11,1.0,-0.1847151374423423,1630.0,44.89174560216509,Moderate,False,False,False
2023,TX,Texas,Grayson,48181,146907,11,1.0,-0.1860805987468536,1631.0,44.85791610284168,Moderate,False,False,False
2023,VA,Virginia,Bland,51021,6179,11,1.0,-0.1867643530632065,1632.0,44.82408660351827,Moderate,False,False,False
2023,CO,Colorado,Logan,8075,20619,11,1.0,-0.1873213344259786,1633.0,44.79025710419486,Moderate,False,False,False
2023,FL,Florida,Osceola,12097,437784,11,1.0,-0.1883288258575297,1634.0,44.75642760487145,Moderate,False,False,False
2023,IN,Indiana,Steuben,18151,34917,11,1.0,-0.1889039803253011,1635.0,44.72259810554804,Moderate,False,False,False
2023,OK,Oklahoma,McClain,40087,47072,11,1.0,-0.1900195319837144,1636.0,44.68876860622463,Moderate,False,False,False
2023,NV,Nevada,Lyon,32019,62583,11,1.0,-0.1902853175414615,1637.0,44.65493910690122,Moderate,False,False,False
2023,KS,Kansas,Rush,20165,2830,11,1.0,-0.1907044258636369,1638.0,44.62110960757781,Moderate,False,False,False
2023,NC,North Carolina,Pamlico,37137,12423,11,1.0,-0.1913078882303428,1639.0,44.5872801082544,Moderate,False,False,False
2023,OR,Oregon,Lincoln,41041,50821,11,1.0,-0.1916724064486443,1640.0,44.55345060893099,Moderate,False,False,False
2023,WI,Wisconsin,Lincoln,55069,28405,11,1.0,-0.1923138087593983,1641.0,44.51962110960758,Moderate,False,False,False
2023,IA,Iowa,Monona,19133,8493,11,1.0,-0.192409689200034,1642.0,44.48579161028417,Moderate,False,False,False
2023,IA,Iowa,Cherokee,19035,11605,11,1.0,-0.1945066700558635,1643.0,44.45196211096076,Moderate,False,False,False
2023,GA,Georgia,Rabun,13241,17442,11,1.0,-0.1946795992778335,1644.0,44.41813261163735,Moderate,False,False,False
2023,KS,Kansas,Marshall,20117,9933,11,1.0,-0.1953697124869347,1645.0,44.38430311231394,Moderate,False,False,False
2023,TX,Texas,Johnson,48251,202906,11,1.0,-0.1955509017189378,1646.0,44.35047361299053,Moderate,False,False,False
2023,GA,Georgia,Hall,13139,217267,11,1.0,-0.1999016238095368,1647.0,44.31664411366712,Moderate,False,False,False
2023,OH,Ohio,Summit,39153,535733,11,1.0,-0.2006545318079941,1648.0,44.28281461434371,Moderate,False,False,False
2023,WI,Wisconsin,Crawford,55023,15944,11,1.0,-0.2017166798894389,1649.0,44.2489851150203,Moderate,False,False,False
2023,NC,North Carolina,Forsyth,37067,392921,11,1.0,-0.2018388649553056,1650.0,44.21515561569689,Moderate,False,False,False
2023,IL,Illinois,Carroll,17015,15526,11,1.0,-0.2030199598340476,1651.0,44.18132611637348,Moderate,False,False,False
2023,WI,Wisconsin,Richland,55103,17197,11,1.0,-0.203236596725002,1652.0,44.14749661705007,Moderate,False,False,False
2023,IL,Illinois,Christian,17021,33228,11,1.0,-0.2038347115900312,1653.0,44.113667117726656,Moderate,False,False,False
2023,NY,New York,Cattaraugus,36009,75600,11,1.0,-0.2050395209261487,1654.0,44.07983761840325,Moderate,False,False,False
2023,VA,Virginia,Washington,51191,54050,11,1.0,-0.2057071644678183,1655.0,44.04600811907984,Moderate,False,False,False
2023,WA,Washington,Cowlitz,53015,112864,11,1.0,-0.2057942660039919,1656.0,44.012178619756426,Moderate,False,False,False
2023,IN,Indiana,Dubois,18037,43546,11,1.0,-0.2059591305951243,1657.0,43.978349120433016,Moderate,False,False,False
2023,IL,Illinois,Mason,17125,12523,11,1.0,-0.2062516095721583,1658.0,43.944519621109606,Moderate,False,False,False
2023,KS,Kansas,Atchison,20005,16016,11,1.0,-0.2062974939982492,1659.0,43.9106901217862,Moderate,False,False,False
2023,IA,Iowa,Humboldt,19091,9500,11,1.0,-0.206909652879939,1660.0,43.87686062246279,Moderate,False,False,False
2023,MN,Minnesota,Swift,27151,9719,11,1.0,-0.2076345777417313,1661.0,43.843031123139376,Moderate,False,False,False
2023,KS,Kansas,Woodson,20207,3115,11,1.0,-0.2078990930706875,1662.0,43.809201623815966,Moderate,False,False,False
2023,WY,Wyoming,Carbon,56007,14334,11,1.0,-0.2080008511729376,1663.0,43.77537212449256,Moderate,False,False,False
2023,MI,Michigan,Otsego,26137,25747,11,1.0,-0.2088488409884553,1664.0,43.74154262516915,Moderate,False,False,False
2023,NM,New Mexico,Eddy,35015,60275,11,1.0,-0.2094742114415482,1665.0,43.707713125845736,Moderate,False,False,False
2023,IL,Illinois,Ford,17053,13250,11,1.0,-0.2094918640922203,1666.0,43.673883626522326,Moderate,False,False,False
2023,FL,Florida,Citrus,12017,166696,11,1.0,-0.2098870419953202,1667.0,43.64005412719892,Moderate,False,False,False
2023,FL,Florida,Duval,12031,1030822,11,1.0,-0.2100682470576745,1668.0,43.60622462787551,Moderate,False,False,False
2023,UT,Utah,Carbon,49007,20609,11,1.0,-0.210750492696515,1669.0,43.5723951285521,Moderate,False,False,False
2023,IA,Iowa,Emmet,19063,9229,11,1.0,-0.2122667396473241,1670.0,43.538565629228685,Moderate,False,False,False
2023,WI,Wisconsin,Burnett,55013,17092,11,1.0,-0.2136279670513165,1671.0,43.50473612990528,Moderate,False,False,False
2023,GA,Georgia,Dade,13083,16165,11,1.0,-0.2139650098474373,1672.0,43.470906630581865,Moderate,False,False,False
2023,LA,Louisiana,St. Tammany,22103,275583,11,1.0,-0.2140007409512896,1673.0,43.437077131258455,Moderate,False,False,False
2023,KS,Kansas,Barber,20007,4071,11,1.0,-0.2144321368482349,1674.0,43.40324763193505,Moderate,False,False,False
2023,WI,Wisconsin,Waushara,55137,24934,11,1.0,-0.2150676070958014,1675.0,43.36941813261164,Moderate,False,False,False
2023,IL,Illinois,Moultrie,17139,14342,11,1.0,-0.2154082649217749,1676.0,43.33558863328823,Moderate,False,False,False
2023,MI,Michigan,Dickinson,26043,25982,11,1.0,-0.2161183499112829,1677.0,43.301759133964815,Moderate,False,False,False
2023,MN,Minnesota,Chippewa,27023,12172,11,1.0,-0.2163387828745801,1678.0,43.267929634641405,Moderate,False,False,False
2023,NV,Nevada,Humboldt,32013,17136,11,1.0,-0.2163715313723689,1679.0,43.234100135318,Moderate,False,False,False
2023,TX,Texas,Fisher,48151,3612,11,1.0,-0.2165665656842135,1680.0,43.200270635994585,Moderate,False,False,False
2023,GA,Georgia,Barrow,13013,92792,11,1.0,-0.2172524420754498,1681.0,43.16644113667118,Moderate,False,False,False
2023,GA,Georgia,Henry,13151,254613,11,1.0,-0.2173236870876798,1682.0,43.132611637347765,Moderate,False,False,False
2023,KS,Kansas,Gray,20069,5743,11,1.0,-0.2181951275661162,1683.0,43.09878213802436,Moderate,False,False,False
2023,CA,California,Yuba,6115,85722,11,1.0,-0.2192126141279828,1684.0,43.06495263870095,Moderate,False,False,False
2023,MS,Mississippi,Lafayette,28071,58467,11,1.0,-0.2205012623916854,1685.0,43.031123139377534,Moderate,False,False,False
2023,KS,Kansas,Meade,20119,3911,11,1.0,-0.2229441182765108,1686.0,42.99729364005413,Moderate,False,False,False
2023,VA,Virginia,Warren,51187,41843,11,1.0,-0.2230217493122048,1687.0,42.96346414073072,Moderate,False,False,False
2023,NV,Nevada,Clark,32003,2336573,11,1.0,-0.2257489008824321,1688.0,42.9296346414073,Moderate,False,False,False
2023,NC,North Carolina,Catawba,37035,164645,11,1.0,-0.2263709877768571,1689.0,42.8958051420839,Moderate,False,False,False
2023,KS,Kansas,Logan,20109,2665,11,1.0,-0.2264458770958153,1690.0,42.86197564276048,Moderate,False,False,False
2023,KS,Kansas,Sedgwick,20173,528469,11,1.0,-0.2275980931047198,1691.0,42.82814614343708,Moderate,False,False,False
2023,SD,South Dakota,Beadle,46005,19591,11,1.0,-0.2278025771433496,1692.0,42.794316644113664,Moderate,False,False,False
2023,VA,Virginia,Augusta,51015,78247,11,1.0,-0.2281022085801707,1693.0,42.760487144790254,Moderate,False,False,False
2023,IL,Illinois,Richland,17159,15488,11,1.0,-0.2299508409424631,1694.0,42.72665764546685,Moderate,False,False,False
2023,IA,Iowa,Webster,19187,36485,11,1.0,-0.2300376957618839,1695.0,42.69282814614344,Moderate,False,False,False
2023,NM,New Mexico,Grant,35017,27472,11,1.0,-0.231076021979123,1696.0,42.65899864682003,Moderate,False,False,False
2023,NE,Nebraska,Dakota,31043,21268,11,1.0,-0.2311649709944836,1697.0,42.62516914749661,Moderate,False,False,False
2023,IN,Indiana,Floyd,18043,80809,11,1.0,-0.231468016311944,1698.0,42.5913396481732,Moderate,False,False,False
2023,ID,Idaho,Lincoln,16063,5450,11,1.0,-0.2323132037665219,1699.0,42.5575101488498,Moderate,False,False,False
2023,MN,Minnesota,Cottonwood,27033,11319,11,1.0,-0.2339176336659846,1700.0,42.52368064952638,Moderate,False,False,False
2023,KS,Kansas,Clay,20027,8007,11,1.0,-0.234071796302333,1701.0,42.48985115020298,Moderate,False,False,False
2023,OK,Oklahoma,Wagoner,40145,89280,11,1.0,-0.2342705598660345,1702.0,42.45602165087956,Moderate,False,False,False
2023,MN,Minnesota,Kanabec,27065,16602,11,1.0,-0.2348677823356342,1703.0,42.42219215155616,Moderate,False,False,False
2023,VA,Virginia,Suffolk,51800,100659,11,1.0,-0.2360046848982069,1704.0,42.38836265223275,Moderate,False,False,False
2023,CA,California,Siskiyou,6093,42905,11,1.0,-0.2361725732233596,1705.0,42.35453315290933,Moderate,False,False,False
2023,AL,Alabama,Limestone,1083,114654,11,1.0,-0.2368712832899056,1706.0,42.32070365358593,Moderate,False,False,False
2023,WA,Washington,Wahkiakum,53069,4765,11,1.0,-0.2369311153084116,1707.0,42.28687415426251,Moderate,False,False,False
2023,TX,Texas,Wise,48497,78097,11,1.0,-0.2373814829675961,1708.0,42.25304465493911,Moderate,False,False,False
2023,CO,Colorado,Alamosa,8003,16655,11,1.0,-0.2374235874255471,1709.0,42.2192151556157,Moderate,False,False,False
2023,CA,California,Humboldt,6023,133985,11,1.0,-0.2378741736678602,1710.0,42.18538565629228,Moderate,False,False,False
2023,IN,Indiana,Bartholomew,18005,84003,11,1.0,-0.238083774816203,1711.0,42.15155615696888,Moderate,False,False,False
2023,IN,Indiana,Whitley,18183,34742,11,1.0,-0.2393031746335116,1712.0,42.11772665764546,Moderate,False,False,False
2023,CA,California,Del Norte,6015,26589,11,1.0,-0.2405082701786129,1713.0,42.08389715832206,Moderate,False,False,False
2023,KS,Kansas,Osage,20139,15824,11,1.0,-0.2405740381203331,1714.0,42.05006765899865,Moderate,False,False,False
2023,FL,Florida,Wakulla,12129,36449,11,1.0,-0.2406978209154513,1715.0,42.01623815967523,Moderate,False,False,False
2023,KS,Kansas,Stafford,20185,3909,11,1.0,-0.2437801478537243,1716.0,41.98240866035183,Moderate,False,False,False
2023,NE,Nebraska,Dawson,31047,24085,11,1.0,-0.2440986068726996,1717.0,41.94857916102841,Moderate,False,False,False
2023,IA,Iowa,Fayette,19065,19210,11,1.0,-0.2447392413358207,1718.0,41.91474966170501,Moderate,False,False,False
2023,MI,Michigan,Macomb,26099,875101,11,1.0,-0.245101217599296,1719.0,41.8809201623816,Moderate,False,False,False
2023,MT,Montana,Lake,30047,33338,11,1.0,-0.2476664874711854,1720.0,41.84709066305818,Moderate,False,False,False
2023,GA,Georgia,Pickens,13227,35969,11,1.0,-0.24844326926996,1721.0,41.81326116373478,Moderate,False,False,False
2023,NC,North Carolina,Guilford,37081,549866,11,1.0,-0.250668189585355,1722.0,41.77943166441136,Moderate,False,False,False
2023,GA,Georgia,Douglas,13097,149160,11,1.0,-0.2513122173582812,1723.0,41.74560216508796,Moderate,False,False,False
2023,WA,Washington,Lewis,53041,86154,11,1.0,-0.2528968792614591,1724.0,41.71177266576455,Moderate,False,False,False
2023,MT,Montana,Cascade,30013,84900,11,1.0,-0.2531145145172914,1725.0,41.67794316644114,Moderate,False,False,False
2023,WI,Wisconsin,Vernon,55123,31170,11,1.0,-0.2533133569676913,1726.0,41.64411366711773,Moderate,False,False,False
2023,ME,Maine,Kennebec,23011,127259,11,1.0,-0.2533256120388366,1727.0,41.61028416779431,Moderate,False,False,False
2023,OH,Ohio,Hancock,39063,74704,11,1.0,-0.2554181112283807,1728.0,41.57645466847091,Moderate,False,False,False
2023,IL,Illinois,Macoupin,17117,44018,11,1.0,-0.2561083903253726,1729.0,41.5426251691475,Moderate,False,False,False
2023,IA,Iowa,O'Brien,19141,14012,11,1.0,-0.256515307273046,1730.0,41.50879566982409,Moderate,False,False,False
2023,AR,Arkansas,Saline,5125,129574,11,1.0,-0.2565923241200397,1731.0,41.47496617050068,Moderate,False,False,False
2023,KS,Kansas,Sumner,20191,22334,11,1.0,-0.2574815188690349,1732.0,41.44113667117726,Moderate,False,False,False
2023,IN,Indiana,Union,18161,6973,11,1.0,-0.2585303700395709,1733.0,41.40730717185386,Moderate,False,False,False
2023,MO,Missouri,Jefferson,29099,231230,11,1.0,-0.259320656921398,1734.0,41.37347767253045,Moderate,False,False,False
2023,NC,North Carolina,Onslow,37133,213676,11,1.0,-0.260528093680136,1735.0,41.33964817320704,Moderate,False,False,False
2023,IA,Iowa,Allamakee,19005,14074,11,1.0,-0.2618568501796123,1736.0,41.30581867388363,Moderate,False,False,False
2023,OH,Ohio,Fulton,39051,42007,11,1.0,-0.2621518336013997,1737.0,41.27198917456021,Moderate,False,False,False
2023,TX,Texas,Archer,48009,9029,11,1.0,-0.2624750202039052,1738.0,41.23815967523681,Moderate,False,False,False
2023,IN,Indiana,Tipton,18159,15256,11,1.0,-0.263642426080378,1739.0,41.2043301759134,Moderate,False,False,False
2023,IL,Illinois,Crawford,17033,18300,11,1.0,-0.2640690466580848,1740.0,41.17050067658999,Moderate,False,False,False
2023,TX,Texas,Sherman,48421,2678,11,1.0,-0.2641344029909436,1741.0,41.13667117726658,Moderate,False,False,False
2023,IL,Illinois,Rock Island,17161,141236,11,1.0,-0.2651308818876693,1742.0,41.10284167794316,Moderate,False,False,False
2023,KS,Kansas,Wallace,20199,1509,11,1.0,-0.2662028874863678,1743.0,41.06901217861976,Moderate,False,False,False
2023,SC,South Carolina,Horry,45051,397478,11,1.0,-0.2662843219118507,1744.0,41.03518267929635,Moderate,False,False,False
2023,ID,Idaho,Cassia,16031,25696,11,1.0,-0.2665024075109493,1745.0,41.00135317997294,Moderate,False,False,False
2023,IL,Illinois,Pope,17151,3707,11,1.0,-0.2669387662358057,1746.0,40.96752368064953,Moderate,False,False,False
2023,IL,Illinois,Warren,17187,16185,11,1.0,-0.2680121367816598,1747.0,40.93369418132612,Moderate,False,False,False
2023,IA,Iowa,Montgomery,19137,10139,11,1.0,-0.2687834888298842,1748.0,40.89986468200271,Moderate,False,False,False
2023,OK,Oklahoma,Cleveland,40027,301193,11,1.0,-0.2689409896940476,1749.0,40.8660351826793,Moderate,False,False,False
2023,CA,California,Mendocino,6045,89108,11,1.0,-0.2691891728613206,1750.0,40.83220568335589,Moderate,False,False,False
2023,KS,Kansas,Sherman,20181,5844,11,1.0,-0.2692743592138138,1751.0,40.79837618403248,Moderate,False,False,False
2023,IL,Illinois,Bureau,17011,32729,11,1.0,-0.2699414960698205,1752.0,40.76454668470907,Moderate,False,False,False
2023,NE,Nebraska,Garden,31069,1794,11,1.0,-0.2701793596074819,1753.0,40.73071718538566,Moderate,False,False,False
2023,IA,Iowa,Adair,19001,7389,11,1.0,-0.2706709302596888,1754.0,40.69688768606225,Moderate,False,False,False
2023,OH,Ohio,Cuyahoga,39035,1233088,11,1.0,-0.2709358108958803,1755.0,40.66305818673884,Moderate,False,False,False
2023,KS,Kansas,Osborne,20141,3427,11,1.0,-0.2717942927652714,1756.0,40.62922868741543,Moderate,False,False,False
2023,IA,Iowa,Taylor,19173,5924,11,1.0,-0.27271773817288,1757.0,40.59539918809202,Moderate,False,False,False
2023,GA,Georgia,Houston,13153,171974,11,1.0,-0.2728327315100053,1758.0,40.56156968876861,Moderate,False,False,False
2023,MT,Montana,Musselshell,30065,5308,11,1.0,-0.2728347529545022,1759.0,40.5277401894452,Moderate,False,False,False
2023,TX,Texas,Kerr,48265,53915,11,1.0,-0.2765022095418677,1760.0,40.49391069012179,Moderate,False,False,False
2023,WA,Washington,Franklin,53021,99034,11,1.0,-0.2772371152165224,1761.0,40.46008119079838,Moderate,False,False,False
2023,NY,New York,Fulton,36035,52234,11,1.0,-0.2776805832700144,1762.0,40.42625169147497,Moderate,False,False,False
2023,OH,Ohio,Auglaize,39011,46050,11,1.0,-0.2777092931810263,1763.0,40.39242219215156,Moderate,False,False,False
2023,NC,North Carolina,Mitchell,37121,14999,11,1.0,-0.277986892745286,1764.0,40.35859269282815,Moderate,False,False,False
2023,WI,Wisconsin,Shawano,55115,41109,11,1.0,-0.2790138654763621,1765.0,40.32476319350474,Moderate,False,False,False
2023,OH,Ohio,Hamilton,39061,827058,11,1.0,-0.2800852829912092,1766.0,40.29093369418133,Moderate,False,False,False
2023,IA,Iowa,Marshall,19127,40014,11,1.0,-0.2811487111376741,1767.0,40.25710419485792,Moderate,False,False,False
2023,MI,Michigan,Lapeer,26087,88977,11,1.0,-0.28229753876895,1768.0,40.223274695534506,Moderate,False,False,False
2023,SD,South Dakota,Bon Homme,46009,7065,11,1.0,-0.2828362372559918,1769.0,40.189445196211096,Moderate,False,False,False
2023,GA,Georgia,Union,13291,27124,11,1.0,-0.2829956813128068,1770.0,40.155615696887686,Moderate,False,False,False
2023,MN,Minnesota,Pipestone,27117,9245,11,1.0,-0.2840235793327044,1771.0,40.12178619756428,Moderate,False,False,False
2023,WY,Wyoming,Sweetwater,56037,41249,11,1.0,-0.2846025986124796,1772.0,40.08795669824087,Moderate,False,False,False
2023,IA,Iowa,Clinton,19045,46158,11,1.0,-0.2855640496666725,1773.0,40.054127198917456,Moderate,False,False,False
2023,IA,Iowa,Muscatine,19139,42218,11,1.0,-0.2864262609759304,1774.0,40.020297699594046,Moderate,False,False,False
2023,IL,Illinois,Henderson,17071,6088,11,1.0,-0.2868532004340317,1775.0,39.98646820027064,Low,False,False,False
2023,VA,Virginia,Louisa,51109,41037,11,1.0,-0.2875742463163939,1776.0,39.952638700947226,Low,False,False,False
2023,CA,California,Sutter,6101,97948,11,1.0,-0.2876761796320456,1777.0,39.918809201623816,Low,False,False,False
2023,MD,Maryland,Garrett,24023,28423,11,1.0,-0.2879875095940664,1778.0,39.884979702300406,Low,False,False,False
2023,IN,Indiana,Posey,18129,25040,11,1.0,-0.290554045193039,1779.0,39.851150202977,Low,False,False,False
2023,IA,Iowa,Lee,19111,32565,11,1.0,-0.291762394858755,1780.0,39.81732070365359,Low,False,False,False
2023,KS,Kansas,Saline,20169,53098,11,1.0,-0.2920183823027014,1781.0,39.783491204330176,Low,False,False,False
2023,MI,Michigan,Houghton,26061,37599,11,1.0,-0.2923875226009622,1782.0,39.749661705006766,Low,False,False,False
2023,MT,Montana,Phillips,30071,4249,11,1.0,-0.295418740129544,1783.0,39.71583220568336,Low,False,False,False
2023,KS,Kansas,Graham,20065,2376,11,1.0,-0.2955694457783406,1784.0,39.682002706359945,Low,False,False,False
2023,ME,Maine,Waldo,23027,40620,11,1.0,-0.2955993627861757,1785.0,39.648173207036535,Low,False,False,False
2023,MN,Minnesota,Faribault,27043,13873,11,1.0,-0.2956698958171009,1786.0,39.614343707713125,Low,False,False,False
2023,ID,Idaho,Elmore,16039,29724,11,1.0,-0.296805446780822,1787.0,39.58051420838972,Low,False,False,False
2023,ID,Idaho,Bingham,16011,50395,11,1.0,-0.2972038416789671,1788.0,39.54668470906631,Low,False,False,False
2023,OK,Oklahoma,Cimarron,40025,2191,11,1.0,-0.2988439486685734,1789.0,39.512855209742895,Low,False,False,False
2023,IL,Illinois,Lee,17103,33654,11,1.0,-0.2989873054669122,1790.0,39.479025710419485,Low,False,False,False
2023,GA,Georgia,White,13311,29026,11,1.0,-0.2993310629294431,1791.0,39.44519621109608,Low,False,False,False
2023,MN,Minnesota,Mille Lacs,27095,27427,11,1.0,-0.2996670273332524,1792.0,39.411366711772665,Low,False,False,False
2023,SC,South Carolina,Aiken,45003,177130,11,1.0,-0.2998590076757952,1793.0,39.377537212449255,Low,False,False,False
2023,NY,New York,Oswego,36075,118162,11,1.0,-0.300008272864515,1794.0,39.343707713125845,Low,False,False,False
2023,NM,New Mexico,Colfax,35007,12255,11,1.0,-0.3010666026441698,1795.0,39.30987821380244,Low,False,False,False
2023,VA,Virginia,Middlesex,51119,10924,11,1.0,-0.3011761782178883,1796.0,39.27604871447903,Low,False,False,False
2023,CO,Colorado,Saguache,8109,6688,11,1.0,-0.3011765543944016,1797.0,39.242219215155615,Low,False,False,False
2023,IN,Indiana,Brown,18013,15653,11,1.0,-0.3014996836914323,1798.0,39.208389715832205,Low,False,False,False
2023,WY,Wyoming,Big Horn,56003,12018,11,1.0,-0.3016205137200619,1799.0,39.1745602165088,Low,False,False,False
2023,CO,Colorado,Las Animas,8071,14348,11,1.0,-0.3021782367957112,1800.0,39.14073071718538,Low,False,False,False
2023,KS,Kansas,Comanche,20033,1655,11,1.0,-0.3039606052025069,1801.0,39.10690121786197,Low,False,False,False
2023,IA,Iowa,Lyon,19119,12324,11,1.0,-0.3044339198504231,1802.0,39.07307171853856,Low,False,False,False
2023,TX,Texas,Llano,48299,22875,11,1.0,-0.3049660155948078,1803.0,39.039242219215154,Low,False,False,False
2023,TX,Texas,Clay,48077,10738,11,1.0,-0.3050727655988414,1804.0,39.005412719891744,Low,False,False,False
2023,IL,Illinois,St. Clair,17163,251018,11,1.0,-0.3052360751863306,1805.0,38.971583220568334,Low,False,False,False
2023,OH,Ohio,Wyandot,39175,21457,11,1.0,-0.3058289302209385,1806.0,38.93775372124493,Low,False,False,False
2023,GA,Georgia,Lumpkin,13187,35258,11,1.0,-0.3062730639002398,1807.0,38.90392422192152,Low,False,False,False
2023,MN,Minnesota,Grant,27051,6139,11,1.0,-0.3064715174255735,1808.0,38.8700947225981,Low,False,False,False
2023,KS,Kansas,Mitchell,20123,5719,11,1.0,-0.3072951314948089,1809.0,38.83626522327469,Low,False,False,False
2023,MS,Mississippi,DeSoto,28033,193247,11,1.0,-0.3075940061930719,1810.0,38.80243572395128,Low,False,False,False
2023,IA,Iowa,Pottawattamie,19155,93179,11,1.0,-0.3088890840070681,1811.0,38.768606224627874,Low,False,False,False
2023,IL,Illinois,Douglas,17041,19629,11,1.0,-0.3104307651393635,1812.0,38.734776725304464,Low,False,False,False
2023,TX,Texas,Washington,48477,37007,11,1.0,-0.3107802353283106,1813.0,38.700947225981054,Low,False,False,False
2023,IL,Illinois,Marshall,17123,11683,11,1.0,-0.3119414742404197,1814.0,38.66711772665765,Low,False,False,False
2023,MI,Michigan,Ingham,26065,284637,11,1.0,-0.3123840243573479,1815.0,38.63328822733423,Low,False,False,False
2023,IN,Indiana,Porter,18127,175335,11,1.0,-0.3124416418260312,1816.0,38.59945872801083,Low,False,False,False
2023,MN,Minnesota,Renville,27129,14348,11,1.0,-0.3124924355744475,1817.0,38.56562922868741,Low,False,False,False
2023,SC,South Carolina,Richland,45079,425138,11,1.0,-0.3127069044731606,1818.0,38.53179972936401,Low,False,False,False
2023,KS,Kansas,Shawnee,20177,177746,11,1.0,-0.3129742974960859,1819.0,38.49797023004059,Low,False,False,False
2023,VA,Virginia,Fredericksburg,51630,28928,11,1.0,-0.3129909310942645,1820.0,38.46414073071718,Low,False,False,False
2023,MT,Montana,Powell,30077,7133,11,1.0,-0.3130269918033378,1821.0,38.43031123139377,Low,False,False,False
2023,IL,Illinois,Logan,17107,27590,11,1.0,-0.313063382319324,1822.0,38.39648173207036,Low,False,False,False
2023,OR,Oregon,Baker,41001,16912,11,1.0,-0.3146741802858763,1823.0,38.36265223274696,Low,False,False,False
2023,SD,South Dakota,McPherson,46089,2334,11,1.0,-0.3151544929079819,1824.0,38.32882273342354,Low,False,False,False
2023,WY,Wyoming,Washakie,56043,7710,11,1.0,-0.3168174334564366,1825.0,38.29499323410013,Low,False,False,False
2023,IA,Iowa,Mahaska,19123,21874,11,1.0,-0.3168948731893691,1826.0,38.26116373477673,Low,False,False,False
2023,NE,Nebraska,Morrill,31123,4504,11,1.0,-0.317204543523081,1827.0,38.22733423545331,Low,False,False,False
2023,WI,Wisconsin,Marinette,55075,42106,11,1.0,-0.3175106178926826,1828.0,38.19350473612991,Low,False,False,False
2023,NH,New Hampshire,Coos,33007,31372,11,1.0,-0.3181690901748176,1829.0,38.15967523680649,Low,False,False,False
2023,VA,Virginia,Culpeper,51047,54973,11,1.0,-0.3191815965516408,1830.0,38.12584573748308,Low,False,False,False
2023,KS,Kansas,Kingman,20095,7066,11,1.0,-0.3195327973942551,1831.0,38.09201623815967,Low,False,False,False
2023,NE,Nebraska,Pawnee,31133,2512,11,1.0,-0.3203178688705099,1832.0,38.05818673883626,Low,False,False,False
2023,SC,South Carolina,Berkeley,45015,255217,11,1.0,-0.3204908820246455,1833.0,38.02435723951286,Low,False,False,False
2023,WI,Wisconsin,Barron,55005,46833,11,1.0,-0.3215940322817914,1834.0,37.99052774018944,Low,False,False,False
2023,NE,Nebraska,Richardson,31147,7689,11,1.0,-0.3217628275271316,1835.0,37.95669824086603,Low,False,False,False
2023,WI,Wisconsin,Trempealeau,55121,30899,11,1.0,-0.321980265983767,1836.0,37.92286874154263,Low,False,False,False
2023,KS,Kansas,Franklin,20059,26125,11,1.0,-0.3223193096716982,1837.0,37.88903924221921,Low,False,False,False
2023,IL,Illinois,Williamson,17199,66706,11,1.0,-0.3229186435510804,1838.0,37.85520974289581,Low,False,False,False
2023,WY,Wyoming,Fremont,56013,39815,11,1.0,-0.325038375272353,1839.0,37.82138024357239,Low,False,False,False
2023,IA,Iowa,Black Hawk,19013,130471,11,1.0,-0.3253430597582241,1840.0,37.78755074424899,Low,False,False,False
2023,WI,Wisconsin,Oconto,55083,39775,11,1.0,-0.325941052413294,1841.0,37.75372124492557,Low,False,False,False
2023,IL,Illinois,LaSalle,17099,108309,11,1.0,-0.3260111455617244,1842.0,37.71989174560216,Low,False,False,False
2023,NY,New York,Montgomery,36057,49368,11,1.0,-0.3281270095185372,1843.0,37.68606224627876,Low,False,False,False
2023,FL,Florida,Bay,12005,190769,11,1.0,-0.3283178294865076,1844.0,37.65223274695534,Low,False,False,False
2023,NY,New York,Chautauqua,36013,124891,11,1.0,-0.3313170205355155,1845.0,37.61840324763194,Low,False,False,False
2023,TX,Texas,Burnet,48053,53991,11,1.0,-0.3315212425179376,1846.0,37.58457374830853,Low,False,False,False
2023,CO,Colorado,Pueblo,8101,169422,11,1.0,-0.3319087361679196,1847.0,37.55074424898511,Low,False,False,False
2023,TX,Texas,Ellis,48139,222829,11,1.0,-0.331970028449188,1848.0,37.51691474966171,Low,False,False,False
2023,WY,Wyoming,Hot Springs,56017,4661,11,1.0,-0.3324720642040119,1849.0,37.48308525033829,Low,False,False,False
2023,IL,Illinois,Stark,17175,5218,11,1.0,-0.3332322500490066,1850.0,37.44925575101489,Low,False,False,False
2023,MN,Minnesota,Cass,27021,31446,11,1.0,-0.3332571400174021,1851.0,37.41542625169147,Low,False,False,False
2023,TX,Texas,Tarrant,48439,2182947,11,1.0,-0.3336283624306187,1852.0,37.38159675236806,Low,False,False,False
2023,NC,North Carolina,Clay,37043,11864,11,1.0,-0.3343382986992499,1853.0,37.34776725304466,Low,False,False,False
2023,WI,Wisconsin,Racine,55101,196613,11,1.0,-0.3354959862318214,1854.0,37.31393775372124,Low,False,False,False
2023,IN,Indiana,Monroe,18105,139342,11,1.0,-0.3357916803685146,1855.0,37.28010825439784,Low,False,False,False
2023,MN,Minnesota,Mower,27099,40058,11,1.0,-0.3369881195146384,1856.0,37.24627875507443,Low,False,False,False
2023,MI,Michigan,Kalamazoo,26077,262215,11,1.0,-0.3370784900530401,1857.0,37.21244925575101,Low,False,False,False
2023,IL,Illinois,Livingston,17105,35320,11,1.0,-0.3378357438804894,1858.0,37.17861975642761,Low,False,False,False
2023,VA,Virginia,Greene,51079,21301,11,1.0,-0.3382802684127236,1859.0,37.14479025710419,Low,False,False,False
2023,VA,Virginia,Nelson,51125,14705,11,1.0,-0.3385464694628818,1860.0,37.11096075778079,Low,False,False,False
2023,KS,Kansas,Hamilton,20075,2437,11,1.0,-0.3390137044356567,1861.0,37.07713125845737,Low,False,False,False
2023,TX,Texas,Chambers,48071,53876,11,1.0,-0.3400038478028105,1862.0,37.04330175913397,Low,False,False,False
2023,WA,Washington,Pend Oreille,53051,14361,11,1.0,-0.3402164095954652,1863.0,37.00947225981056,Low,False,False,False
2023,WI,Wisconsin,Rock,55105,164278,11,1.0,-0.3406891783116312,1864.0,36.97564276048714,Low,False,False,False
2023,VA,Virginia,Staunton,51790,25915,11,1.0,-0.3408187484240038,1865.0,36.94181326116374,Low,False,False,False
2023,CA,California,San Bernardino,6071,2195611,11,1.0,-0.3419260614081769,1866.0,36.90798376184033,Low,False,False,False
2023,MT,Montana,Mineral,30061,5090,11,1.0,-0.3426591224965526,1867.0,36.87415426251692,Low,False,False,False
2023,OH,Ohio,Licking,39089,183201,11,1.0,-0.3434961856520643,1868.0,36.84032476319351,Low,False,False,False
2023,OH,Ohio,Franklin,39049,1326063,11,1.0,-0.3435662102029555,1869.0,36.80649526387009,Low,False,False,False
2023,VA,Virginia,Madison,51113,14128,11,1.0,-0.3443296087236665,1870.0,36.77266576454669,Low,False,False,False
2023,FL,Florida,St. Lucie,12111,373586,11,1.0,-0.3444864626836545,1871.0,36.73883626522327,Low,False,False,False
2023,MO,Missouri,Osage,29151,13468,11,1.0,-0.3446217342506363,1872.0,36.70500676589987,Low,False,False,False
2023,IN,Indiana,Dearborn,18029,51215,11,1.0,-0.3458257169736428,1873.0,36.67117726657646,Low,False,False,False
2023,ID,Idaho,Payette,16075,27279,11,1.0,-0.345836089952471,1874.0,36.63734776725304,Low,False,False,False
2023,NE,Nebraska,Franklin,31061,2825,11,1.0,-0.3471137361245615,1875.0,36.60351826792964,Low,False,False,False
2023,UT,Utah,Uintah,49047,37747,11,1.0,-0.3475618903005228,1876.0,36.56968876860623,Low,False,False,False
2023,WY,Wyoming,Platte,56031,8546,11,1.0,-0.348376141281763,1877.0,36.53585926928282,Low,False,False,False
2023,MI,Michigan,Marquette,26103,66999,11,1.0,-0.3485735786363552,1878.0,36.50202976995941,Low,False,False,False
2023,CA,California,Riverside,6065,2492442,11,1.0,-0.3504970791067585,1879.0,36.46820027063599,Low,False,False,False
2023,AZ,Arizona,Pinal,4021,484239,11,1.0,-0.3525018774431364,1880.0,36.43437077131259,Low,False,False,False
2023,MN,Minnesota,Watonwan,27165,11077,11,1.0,-0.3551951759227757,1881.0,36.40054127198917,Low,False,False,False
2023,ND,North Dakota,Eddy,38027,2263,11,1.0,-0.3563383666769062,1882.0,36.36671177266577,Low,False,False,False
2023,TX,Texas,Hartley,48205,5145,11,1.0,-0.3573599088090571,1883.0,36.33288227334236,Low,False,False,False
2023,IL,Illinois,Mercer,17131,15487,11,1.0,-0.3585893738152547,1884.0,36.29905277401895,Low,False,False,False
2023,KS,Kansas,Pawnee,20145,6126,11,1.0,-0.3588949776772117,1885.0,36.265223274695536,Low,False,False,False
2023,WA,Washington,Pacific,53049,24200,11,1.0,-0.3595433530488816,1886.0,36.231393775372126,Low,False,False,False
2023,IA,Iowa,Audubon,19009,5534,11,1.0,-0.3597272001955596,1887.0,36.19756427604872,Low,False,False,False
2023,AK,Alaska,Southeast Fairbanks,2240,7077,11,1.0,-0.3600487216634596,1888.0,36.163734776725306,Low,False,False,False
2023,OH,Ohio,Portage,39133,162665,11,1.0,-0.3606078176302793,1889.0,36.129905277401896,Low,False,False,False
2023,SD,South Dakota,Butte,46019,10863,11,1.0,-0.3631470492661779,1890.0,36.096075778078486,Low,False,False,False
2023,IA,Iowa,Floyd,19067,15326,11,1.0,-0.3634062083835171,1891.0,36.06224627875507,Low,False,False,False
2023,IL,Illinois,Shelby,17173,20568,11,1.0,-0.3638589625427077,1892.0,36.028416779431666,Low,False,False,False
2023,GA,Georgia,Pike,13231,20461,11,1.0,-0.3638730134596499,1893.0,35.994587280108256,Low,False,False,False
2023,IL,Illinois,Hancock,17067,17186,11,1.0,-0.365032884071556,1894.0,35.960757780784846,Low,False,False,False
2023,IN,Indiana,Tippecanoe,18157,188792,11,1.0,-0.3665274145956159,1895.0,35.92692828146144,Low,False,False,False
2023,OH,Ohio,Mercer,39107,42439,11,1.0,-0.3668028305756153,1896.0,35.893098782138026,Low,False,False,False
2023,TX,Texas,Midland,48329,177108,11,1.0,-0.3669263964730113,1897.0,35.859269282814616,Low,False,False,False
2023,IL,Illinois,Boone,17007,53202,11,1.0,-0.3676818135283074,1898.0,35.825439783491206,Low,False,False,False
2023,IA,Iowa,Henry,19087,19547,11,1.0,-0.3677903916202707,1899.0,35.791610284167795,Low,False,False,False
2023,MN,Minnesota,Yellow Medicine,27173,9467,11,1.0,-0.367791865707183,1900.0,35.757780784844385,Low,False,False,False
2023,IA,Iowa,Jackson,19097,19342,11,1.0,-0.3680153015390597,1901.0,35.72395128552097,Low,False,False,False
2023,IA,Iowa,Hancock,19081,10615,11,1.0,-0.3681027755796334,1902.0,35.690121786197565,Low,False,False,False
2023,MT,Montana,Carter,30011,1418,11,1.0,-0.368611362065778,1903.0,35.656292286874155,Low,False,False,False
2023,IA,Iowa,Ida,19093,6833,11,1.0,-0.3692075484575338,1904.0,35.622462787550745,Low,False,False,False
2023,WI,Wisconsin,Fond du Lac,55039,103948,11,1.0,-0.369449576595009,1905.0,35.588633288227335,Low,False,False,False
2023,MN,Minnesota,Traverse,27155,3136,11,1.0,-0.3697516847505059,1906.0,35.554803788903925,Low,False,False,False
2023,ID,Idaho,Boundary,16021,13557,11,1.0,-0.3700545142909598,1907.0,35.520974289580515,Low,False,False,False
2023,KS,Kansas,Rice,20159,9260,11,1.0,-0.3712315768538687,1908.0,35.487144790257105,Low,False,False,False
2023,GA,Georgia,Monroe,13207,30625,11,1.0,-0.3727543566396363,1909.0,35.453315290933695,Low,False,False,False
2023,GA,Georgia,Chatham,13051,303655,11,1.0,-0.373433809475323,1910.0,35.419485791610285,Low,False,False,False
2023,MN,Minnesota,Freeborn,27047,30515,11,1.0,-0.3739614067392631,1911.0,35.385656292286875,Low,False,False,False
2023,IA,Iowa,Poweshiek,19157,18453,11,1.0,-0.3747421328605338,1912.0,35.351826792963465,Low,False,False,False
2023,IA,Iowa,Hardin,19083,16463,11,1.0,-0.3757216592048095,1913.0,35.317997293640055,Low,False,False,False
2023,MT,Montana,Judith Basin,30045,2093,11,1.0,-0.3771398201263037,1914.0,35.284167794316645,Low,False,False,False
2023,KS,Kansas,Coffey,20031,8251,11,1.0,-0.3782098132184106,1915.0,35.250338294993234,Low,False,False,False
2023,WI,Wisconsin,Chippewa,55017,66970,11,1.0,-0.3789665623247717,1916.0,35.216508795669824,Low,False,False,False
2023,SD,South Dakota,Brule,46015,5311,11,1.0,-0.3796469519527315,1917.0,35.182679296346414,Low,False,False,False
2023,MN,Minnesota,Wilkin,27167,6306,11,1.0,-0.3809684016847949,1918.0,35.148849797023004,Low,False,False,False
2023,NV,Nevada,Carson City,32510,58036,11,1.0,-0.3811496003871695,1919.0,35.115020297699594,Low,False,False,False
2023,KS,Kansas,Marion,20115,11690,11,1.0,-0.3821167081923023,1920.0,35.081190798376184,Low,False,False,False
2023,IL,Illinois,De Witt,17039,15365,11,1.0,-0.3839998496607892,1921.0,35.047361299052774,Low,False,False,False
2023,MD,Maryland,Prince George's,24033,947430,11,1.0,-0.3841303343067802,1922.0,35.013531799729364,Low,False,False,False
2023,ID,Idaho,Adams,16003,4903,11,1.0,-0.3843189227117381,1923.0,34.979702300405954,Low,False,False,False
2023,IA,Iowa,Louisa,19115,10513,11,1.0,-0.3847370601982654,1924.0,34.945872801082544,Low,False,False,False
2023,WI,Wisconsin,Waupaca,55135,51388,11,1.0,-0.3849683928097969,1925.0,34.912043301759134,Low,False,False,False
2023,NY,New York,Lewis,36049,26548,11,1.0,-0.3852130795570211,1926.0,34.878213802435724,Low,False,False,False
2023,NE,Nebraska,Colfax,31037,10566,11,1.0,-0.3861408277725018,1927.0,34.844384303112314,Low,False,False,False
2023,KS,Kansas,Ness,20135,2618,11,1.0,-0.386168796606734,1928.0,34.810554803788904,Low,False,False,False
2023,IL,Illinois,Whiteside,17195,54498,11,1.0,-0.3874634327802546,1929.0,34.776725304465494,Low,False,False,False
2023,SD,South Dakota,Gregory,46053,4018,11,1.0,-0.3875398221363038,1930.0,34.74289580514208,Low,False,False,False
2023,NE,Nebraska,Hall,31079,62197,11,1.0,-0.3902965890515966,1931.0,34.70906630581867,Low,False,False,False
2023,VA,Virginia,Rockingham,51165,86568,11,1.0,-0.3907266623439229,1932.0,34.67523680649526,Low,False,False,False
2023,IA,Iowa,Howard,19089,9376,11,1.0,-0.3926957752611053,1933.0,34.64140730717185,Low,False,False,False
2023,NY,New York,Chenango,36017,45920,11,1.0,-0.3928537726802759,1934.0,34.60757780784844,Low,False,False,False
2023,FL,Florida,Volusia,12127,590357,11,1.0,-0.3939475531758973,1935.0,34.57374830852503,Low,False,False,False
2023,SC,South Carolina,Lexington,45063,309528,11,1.0,-0.3950218388135746,1936.0,34.53991880920162,Low,False,False,False
2023,UT,Utah,Duchesne,49013,20477,11,1.0,-0.3951469930155266,1937.0,34.50608930987821,Low,False,False,False
2023,IA,Iowa,Greene,19073,8584,11,1.0,-0.3961963208561455,1938.0,34.4722598105548,Low,False,False,False
2023,OH,Ohio,Clermont,39025,211972,11,1.0,-0.3963509732325168,1939.0,34.43843031123139,Low,False,False,False
2023,IL,Illinois,Scott,17171,4710,11,1.0,-0.3963949492255487,1940.0,34.40460081190798,Low,False,False,False
2023,KS,Kansas,Pratt,20151,9082,11,1.0,-0.3966794991745613,1941.0,34.37077131258457,Low,False,False,False
2023,NC,North Carolina,Johnston,37101,241955,11,1.0,-0.3972131191891011,1942.0,34.33694181326116,Low,False,False,False
2023,TX,Texas,Irion,48235,1549,11,1.0,-0.3973149568001626,1943.0,34.30311231393775,Low,False,False,False
2023,ND,North Dakota,Logan,38047,1869,11,1.0,-0.3988397137846207,1944.0,34.26928281461434,Low,False,False,False
2023,OH,Ohio,Wood,39173,132650,11,1.0,-0.3992208489846764,1945.0,34.23545331529093,Low,False,False,False
2023,SD,South Dakota,Day,46037,5451,11,1.0,-0.3995580360376576,1946.0,34.20162381596752,Low,False,False,False
2023,ND,North Dakota,McIntosh,38051,2488,11,1.0,-0.4009068801915742,1947.0,34.16779431664411,Low,False,False,False
2023,MN,Minnesota,Aitkin,27001,16102,11,1.0,-0.401901526960094,1948.0,34.1339648173207,Low,False,False,False
2023,CO,Colorado,Morgan,8087,29524,11,1.0,-0.4023870371541901,1949.0,34.10013531799729,Low,False,False,False
2023,MO,Missouri,Andrew,29003,18127,11,1.0,-0.4030288473378841,1950.0,34.06630581867388,Low,False,False,False
2023,MT,Montana,Valley,30105,7474,11,1.0,-0.4033788424546291,1951.0,34.03247631935047,Low,False,False,False
2023,SC,South Carolina,Lancaster,45057,108215,11,1.0,-0.4034527617326525,1952.0,33.99864682002706,Low,False,False,False
2023,MN,Minnesota,Redwood,27127,15288,11,1.0,-0.4036420817204385,1953.0,33.96481732070365,Low,False,False,False
2023,KS,Kansas,Morris,20127,5334,11,1.0,-0.4046795787469253,1954.0,33.93098782138024,Low,False,False,False
2023,CA,California,Butte,6007,207172,11,1.0,-0.4049810585695749,1955.0,33.89715832205684,Low,False,False,False
2023,ID,Idaho,Twin Falls,16083,95156,11,1.0,-0.40528437487063,1956.0,33.86332882273342,Low,False,False,False
2023,IA,Iowa,Delaware,19055,17600,11,1.0,-0.4054274011841766,1957.0,33.82949932341001,Low,False,False,False
2023,OH,Ohio,Miami,39109,110876,11,1.0,-0.4056316428157149,1958.0,33.7956698240866,Low,False,False,False
2023,AZ,Arizona,Cochise,4003,124640,11,1.0,-0.4056478556102875,1959.0,33.76184032476319,Low,False,False,False
2023,TX,Texas,Franklin,48159,10735,11,1.0,-0.4070885580039124,1960.0,33.72801082543979,Low,False,False,False
2023,OR,Oregon,Columbia,41009,53880,11,1.0,-0.4074851161521274,1961.0,33.69418132611637,Low,False,False,False
2023,VA,Virginia,Williamsburg,51830,15847,11,1.0,-0.4075327249205295,1962.0,33.66035182679296,Low,False,False,False
2023,IL,Illinois,DeKalb,17037,100288,11,1.0,-0.4077779922788627,1963.0,33.62652232746955,Low,False,False,False
2023,IA,Iowa,Union,19175,11906,11,1.0,-0.4084652949291043,1964.0,33.59269282814614,Low,False,False,False
2023,IN,Indiana,Johnson,18081,167819,11,1.0,-0.4085513341649793,1965.0,33.55886332882274,Low,False,False,False
2023,NE,Nebraska,Lincoln,31111,33365,11,1.0,-0.4086909521297938,1966.0,33.52503382949932,Low,False,False,False
2023,OK,Oklahoma,Canadian,40017,175829,11,1.0,-0.4090866100720465,1967.0,33.49120433017591,Low,False,False,False
2023,WI,Wisconsin,Sauk,55111,65920,11,1.0,-0.4098008910253873,1968.0,33.4573748308525,Low,False,False,False
2023,WI,Wisconsin,Kenosha,55059,167488,11,1.0,-0.4101912820103316,1969.0,33.42354533152909,Low,False,False,False
2023,AK,Alaska,Wrangell,2275,2064,11,1.0,-0.4109120696350271,1970.0,33.38971583220569,Low,False,False,False
2023,WI,Wisconsin,Wood,55141,73939,11,1.0,-0.4114586580292554,1971.0,33.35588633288227,Low,False,False,False
2023,NY,New York,Seneca,36099,32349,11,1.0,-0.4116052785040061,1972.0,33.32205683355886,Low,False,False,False
2023,VA,Virginia,Rockbridge,51163,22358,11,1.0,-0.411753009430607,1973.0,33.28822733423545,Low,False,False,False
2023,NE,Nebraska,Knox,31107,8298,11,1.0,-0.411867901021854,1974.0,33.25439783491204,Low,False,False,False
2023,MI,Michigan,Allegan,26005,121939,11,1.0,-0.4128011774646334,1975.0,33.22056833558864,Low,False,False,False
2023,IA,Iowa,Butler,19023,14172,11,1.0,-0.4129850489158501,1976.0,33.18673883626522,Low,False,False,False
2023,OR,Oregon,Jackson,41029,220768,11,1.0,-0.4138324605297984,1977.0,33.15290933694182,Low,False,False,False
2023,NC,North Carolina,Haywood,37087,62969,11,1.0,-0.4151754059968318,1978.0,33.1190798376184,Low,False,False,False
2023,KS,Kansas,Rooks,20163,4778,11,1.0,-0.4152991074403145,1979.0,33.08525033829499,Low,False,False,False
2023,CO,Colorado,Conejos,8021,7521,11,1.0,-0.4154561366635345,1980.0,33.05142083897159,Low,False,False,False
2023,GA,Georgia,Towns,13281,13035,11,1.0,-0.4160711076808452,1981.0,33.01759133964817,Low,False,False,False
2023,CA,California,Monterey,6053,430723,11,1.0,-0.4164587434508197,1982.0,32.98376184032477,Low,False,False,False
2023,IL,Illinois,Peoria,17143,177513,11,1.0,-0.4167303777348,1983.0,32.94993234100135,Low,False,False,False
2023,VA,Virginia,Floyd,51063,15679,11,1.0,-0.4167536917788558,1984.0,32.91610284167794,Low,False,False,False
2023,OH,Ohio,Ottawa,39123,39803,11,1.0,-0.4168603102695025,1985.0,32.88227334235454,Low,False,False,False
2023,TX,Texas,Guadalupe,48187,188454,11,1.0,-0.4172026665810014,1986.0,32.84844384303112,Low,False,False,False
2023,NY,New York,Allegany,36003,46651,11,1.0,-0.4182276132172337,1987.0,32.81461434370772,Low,False,False,False
2023,NM,New Mexico,Mora,35033,4123,11,1.0,-0.4183497815668542,1988.0,32.7807848443843,Low,False,False,False
2023,TX,Texas,Mills,48333,4548,11,1.0,-0.4193583810376386,1989.0,32.74695534506089,Low,False,False,False
2023,NE,Nebraska,Furnas,31065,4556,11,1.0,-0.4204300447770814,1990.0,32.71312584573749,Low,False,False,False
2023,WI,Wisconsin,Washburn,55129,16930,11,1.0,-0.4207031299865569,1991.0,32.67929634641407,Low,False,False,False
2023,WI,Wisconsin,Buffalo,55011,13419,11,1.0,-0.4213639750510509,1992.0,32.64546684709067,Low,False,False,False
2023,KS,Kansas,Jackson,20085,13368,11,1.0,-0.4217063114523886,1993.0,32.61163734776725,Low,False,False,False
2023,VA,Virginia,Orange,51137,38574,11,1.0,-0.4232214985170778,1994.0,32.57780784844384,Low,False,False,False
2023,IA,Iowa,Pocahontas,19151,6976,11,1.0,-0.4256580265020611,1995.0,32.54397834912044,Low,False,False,False
2023,SD,South Dakota,Hyde,46069,1186,11,1.0,-0.4257092250644321,1996.0,32.51014884979702,Low,False,False,False
2023,OR,Oregon,Lane,41039,381181,11,1.0,-0.4277614805885317,1997.0,32.47631935047362,Low,False,False,False
2023,NC,North Carolina,Madison,37115,22071,11,1.0,-0.4278481941294112,1998.0,32.4424898511502,Low,False,False,False
2023,OH,Ohio,Putnam,39137,34199,11,1.0,-0.4284580646741505,1999.0,32.4086603518268,Low,False,False,False
2023,NC,North Carolina,Polk,37149,20060,11,1.0,-0.4314337400869163,2000.0,32.374830852503386,Low,False,False,False
2023,MT,Montana,Silver Bow,30093,36360,11,1.0,-0.4314468688096988,2001.0,32.34100135317997,Low,False,False,False
2023,NE,Nebraska,Nance,31125,3274,11,1.0,-0.4320248687538996,2002.0,32.307171853856566,Low,False,False,False
2023,RI,Rhode Island,Providence,44007,660615,11,1.0,-0.4320738597279612,2003.0,32.27334235453315,Low,False,False,False
2023,OR,Oregon,Clatsop,41007,41102,11,1.0,-0.4328148467610759,2004.0,32.239512855209746,Low,False,False,False
2023,CO,Colorado,Phillips,8095,4476,11,1.0,-0.4332955238954135,2005.0,32.205683355886336,Low,False,False,False
2023,ND,North Dakota,Golden Valley,38033,1743,11,1.0,-0.4338504252178352,2006.0,32.17185385656292,Low,False,False,False
2023,IA,Iowa,Cerro Gordo,19033,42406,11,1.0,-0.4343790473322697,2007.0,32.13802435723952,Low,False,False,False
2023,NE,Nebraska,Dixon,31051,5491,11,1.0,-0.4347888101917022,2008.0,32.1041948579161,Low,False,False,False
2023,NY,New York,Cayuga,36011,74485,11,1.0,-0.4347916752842147,2009.0,32.070365358592696,Low,False,False,False
2023,VA,Virginia,Salem,51775,25600,11,1.0,-0.435088889872919,2010.0,32.036535859269286,Low,False,False,False
2023,ID,Idaho,Nez Perce,16069,42987,11,1.0,-0.4354385174701337,2011.0,32.00270635994587,Low,False,False,False
2023,IL,Illinois,Ogle,17141,51265,11,1.0,-0.4364734536631937,2012.0,31.968876860622466,Low,False,False,False
2023,IL,Illinois,Adams,17001,64441,11,1.0,-0.4373550303736579,2013.0,31.93504736129905,Low,False,False,False
2023,GA,Georgia,Catoosa,13047,68910,11,1.0,-0.4382076632484746,2014.0,31.901217861975645,Low,False,False,False
2023,WY,Wyoming,Converse,56009,13809,11,1.0,-0.4383730582846273,2015.0,31.867388362652232,Low,False,False,False
2023,MI,Michigan,Barry,26015,63808,11,1.0,-0.4398356719587931,2016.0,31.833558863328825,Low,False,False,False
2023,SD,South Dakota,Douglas,46043,2838,11,1.0,-0.4416881626829981,2017.0,31.79972936400541,Low,False,False,False
2023,TX,Texas,Wilson,48493,54183,11,1.0,-0.4437598482923588,2018.0,31.765899864682,Low,False,False,False
2023,WI,Wisconsin,Dodge,55027,88231,11,1.0,-0.4437788632034344,2019.0,31.732070365358595,Low,False,False,False
2023,ND,North Dakota,Ramsey,38071,11463,11,1.0,-0.4441005604001738,2020.0,31.69824086603518,Low,False,False,False
2023,MI,Michigan,Eaton,26045,108820,11,1.0,-0.4446783861874694,2021.0,31.66441136671177,Low,False,False,False
2023,MN,Minnesota,Norman,27107,6329,11,1.0,-0.4452162758938389,2022.0,31.630581867388365,Low,False,False,False
2023,NY,New York,Orleans,36073,39124,11,1.0,-0.4453193469699625,2023.0,31.59675236806495,Low,False,False,False
2023,KS,Kansas,Dickinson,20041,18445,11,1.0,-0.4455151539970106,2024.0,31.562922868741545,Low,False,False,False
2023,VA,Virginia,Spotsylvania,51177,149588,11,1.0,-0.447981020494344,2025.0,31.52909336941813,Low,False,False,False
2023,KS,Kansas,Doniphan,20043,7493,11,1.0,-0.4490451662989096,2026.0,31.495263870094725,Low,False,False,False
2023,WA,Washington,Asotin,53003,22549,11,1.0,-0.4491795738723356,2027.0,31.461434370771315,Low,False,False,False
2023,CO,Colorado,Lincoln,8073,5480,11,1.0,-0.4492651126829252,2028.0,31.4276048714479,Low,False,False,False
2023,MO,Missouri,Cass,29037,111732,11,1.0,-0.4503374042188438,2029.0,31.39377537212449,Low,False,False,False
2023,ID,Idaho,Canyon,16027,257674,11,1.0,-0.451392686455378,2030.0,31.35994587280108,Low,False,False,False
2023,MN,Minnesota,Carlton,27017,36825,11,1.0,-0.4516695289386595,2031.0,31.326116373477674,Low,False,False,False
2023,VA,Virginia,Mathews,51115,8514,11,1.0,-0.4525865699362177,2032.0,31.292286874154264,Low,False,False,False
2023,IA,Iowa,Jasper,19099,37919,11,1.0,-0.453684132179709,2033.0,31.25845737483085,Low,False,False,False
2023,UT,Utah,Millard,49027,13437,11,1.0,-0.4539763863718913,2034.0,31.224627875507444,Low,False,False,False
2023,KS,Kansas,Ottawa,20143,5818,11,1.0,-0.4546131627674125,2035.0,31.19079837618403,Low,False,False,False
2023,WY,Wyoming,Weston,56045,6808,11,1.0,-0.4556031324768899,2036.0,31.156968876860624,Low,False,False,False
2023,WY,Wyoming,Goshen,56015,12642,11,1.0,-0.4571419258957354,2037.0,31.12313937753721,Low,False,False,False
2023,NC,North Carolina,Pender,37141,68521,11,1.0,-0.4586511963352004,2038.0,31.0893098782138,Low,False,False,False
2023,AL,Alabama,Baldwin,1003,253507,11,1.0,-0.45901795805721,2039.0,31.055480378890397,Low,False,False,False
2023,MN,Minnesota,Blue Earth,27013,70006,11,1.0,-0.45990525335902,2040.0,31.02165087956698,Low,False,False,False
2023,TX,Texas,Somervell,48425,9888,11,1.0,-0.4599834002046374,2041.0,30.98782138024357,Low,False,False,False
2023,MT,Montana,Wibaux,30109,910,11,1.0,-0.460583176113809,2042.0,30.953991880920164,Low,False,False,False
2023,MD,Maryland,Kent,24029,19303,11,1.0,-0.4614558322548602,2043.0,30.92016238159675,Low,False,False,False
2023,OR,Oregon,Crook,41013,26952,11,1.0,-0.4623205797700853,2044.0,30.886332882273344,Low,False,False,False
2023,IA,Iowa,Des Moines,19057,38253,11,1.0,-0.4624373266277129,2045.0,30.85250338294993,Low,False,False,False
2023,NE,Nebraska,Red Willow,31145,10457,11,1.0,-0.4624791575623418,2046.0,30.818673883626523,Low,False,False,False
2023,NE,Nebraska,Nemaha,31127,7076,11,1.0,-0.4639294481048808,2047.0,30.784844384303117,Low,False,False,False
2023,OH,Ohio,Lake,39085,231640,11,1.0,-0.4647408195981752,2048.0,30.751014884979703,Low,False,False,False
2023,IA,Iowa,Adams,19003,3544,11,1.0,-0.4651372106152406,2049.0,30.717185385656293,Low,False,False,False
2023,NE,Nebraska,Gage,31067,21634,11,1.0,-0.4654856429959553,2050.0,30.68335588633288,Low,False,False,False
2023,VA,Virginia,Montgomery,51121,98666,11,1.0,-0.4659488111222199,2051.0,30.649526387009477,Low,False,False,False
2023,OR,Oregon,Tillamook,41057,27417,11,1.0,-0.4663277920506852,2052.0,30.615696887686063,Low,False,False,False
2023,FL,Florida,Leon,12073,296913,11,1.0,-0.466768678547712,2053.0,30.581867388362653,Low,False,False,False
2023,MN,Minnesota,Koochiching,27071,11751,11,1.0,-0.466799240405872,2054.0,30.548037889039243,Low,False,False,False
2023,WI,Wisconsin,Douglas,55031,44264,11,1.0,-0.467664658093763,2055.0,30.51420838971583,Low,False,False,False
2023,WI,Wisconsin,Dunn,55033,45794,11,1.0,-0.4680561687736697,2056.0,30.480378890392423,Low,False,False,False
2023,CO,Colorado,Moffat,8081,13327,11,1.0,-0.4681108117598969,2057.0,30.446549391069013,Low,False,False,False
2023,NE,Nebraska,Scotts Bluff,31157,35699,11,1.0,-0.4688434551335346,2058.0,30.412719891745603,Low,False,False,False
2023,TX,Texas,Galveston,48167,361744,11,1.0,-0.4688714264886826,2059.0,30.378890392422196,Low,False,False,False
2023,OH,Ohio,Fairfield,39045,165360,11,1.0,-0.4688750843559688,2060.0,30.34506089309878,Low,False,False,False
2023,SD,South Dakota,Clay,46027,15431,11,1.0,-0.4690285079747252,2061.0,30.311231393775373,Low,False,False,False
2023,MT,Montana,Sheridan,30091,3498,11,1.0,-0.4690607018343823,2062.0,30.277401894451963,Low,False,False,False
2023,MN,Minnesota,Benton,27009,41600,11,1.0,-0.4690728231971752,2063.0,30.243572395128552,Low,False,False,False
2023,IL,Illinois,Clark,17023,15088,11,1.0,-0.4698183091153247,2064.0,30.209742895805142,Low,False,False,False
2023,UT,Utah,Sanpete,49039,30277,11,1.0,-0.470555016177807,2065.0,30.17591339648173,Low,False,False,False
2023,VA,Virginia,Rappahannock,51157,7414,11,1.0,-0.4708844362819043,2066.0,30.14208389715832,Low,False,False,False
2023,NJ,New Jersey,Salem,34033,65338,11,1.0,-0.4727014975440836,2067.0,30.108254397834912,Low,False,False,False
2023,IA,Iowa,Calhoun,19025,9763,11,1.0,-0.4728983435533572,2068.0,30.074424898511506,Low,False,False,False
2023,TX,Texas,Fayette,48149,25474,11,1.0,-0.4733144202291537,2069.0,30.04059539918809,Low,False,False,False
2023,CO,Colorado,Fremont,8043,50318,11,1.0,-0.4739093232643647,2070.0,30.00676589986469,Low,False,False,False
2023,KS,Kansas,Lane,20101,1529,11,1.0,-0.4739975894203689,2071.0,29.972936400541272,Low,False,False,False
2023,VA,Virginia,Northumberland,51133,12391,11,1.0,-0.4743020037166465,2072.0,29.939106901217865,Low,False,False,False
2023,MN,Minnesota,Waseca,27161,18981,11,1.0,-0.4745073259743197,2073.0,29.90527740189445,Low,False,False,False
2023,FL,Florida,Miami-Dade,12086,2686867,11,1.0,-0.4748108263247637,2074.0,29.87144790257104,Low,False,False,False
2023,CO,Colorado,Kit Carson,8063,6994,11,1.0,-0.4763475347354013,2075.0,29.837618403247635,Low,False,False,False
2023,NY,New York,Oneida,36065,227555,11,1.0,-0.476970061254641,2076.0,29.80378890392422,Low,False,False,False
2023,MN,Minnesota,Pennington,27113,13714,11,1.0,-0.4770534328413807,2077.0,29.76995940460081,Low,False,False,False
2023,MO,Missouri,Cole,29051,77278,11,1.0,-0.4773932759921443,2078.0,29.7361299052774,Low,False,False,False
2023,KS,Kansas,Linn,20107,9860,11,1.0,-0.4777951888148981,2079.0,29.70230040595399,Low,False,False,False
2023,SC,South Carolina,Dorchester,45035,169833,11,1.0,-0.4780993692714418,2080.0,29.668470906630585,Low,False,False,False
2023,WA,Washington,Mason,53045,68389,11,1.0,-0.4784067570375301,2081.0,29.63464140730717,Low,False,False,False
2023,GA,Georgia,Effingham,13103,71541,11,1.0,-0.4790511227493622,2082.0,29.60081190798376,Low,False,False,False
2023,MT,Montana,Garfield,30033,1211,11,1.0,-0.4798166336320049,2083.0,29.56698240866035,Low,False,False,False
2023,NY,New York,Delaware,36025,44410,11,1.0,-0.480069664058365,2084.0,29.53315290933694,Low,False,False,False
2023,SD,South Dakota,Jones,46075,855,11,1.0,-0.4813893230657834,2085.0,29.49932341001353,Low,False,False,False
2023,MA,Massachusetts,Bristol,25005,581841,11,1.0,-0.4826638602424074,2086.0,29.46549391069012,Low,False,False,False
2023,IA,Iowa,Chickasaw,19037,11658,11,1.0,-0.4826931397824385,2087.0,29.43166441136671,Low,False,False,False
2023,IL,Illinois,Cumberland,17035,10261,11,1.0,-0.4831292344192665,2088.0,29.3978349120433,Low,False,False,False
2023,UT,Utah,Wayne,49055,2614,11,1.0,-0.4834280817394845,2089.0,29.36400541271989,Low,False,False,False
2023,FL,Florida,Pasco,12101,632996,11,1.0,-0.4838804483669986,2090.0,29.330175913396484,Low,False,False,False
2023,SD,South Dakota,Perkins,46105,2834,11,1.0,-0.4842311538139381,2091.0,29.29634641407307,Low,False,False,False
2023,NE,Nebraska,Sherman,31163,2983,11,1.0,-0.4865207532968046,2092.0,29.262516914749664,Low,False,False,False
2023,NE,Nebraska,Hitchcock,31087,2552,11,1.0,-0.4865825381099995,2093.0,29.22868741542625,Low,False,False,False
2023,NE,Nebraska,Brown,31017,2853,11,1.0,-0.4867730256563021,2094.0,29.19485791610284,Low,False,False,False
2023,WI,Wisconsin,Winnebago,55139,171735,11,1.0,-0.4877640422191238,2095.0,29.161028416779438,Low,False,False,False
2023,KS,Kansas,Smith,20183,3590,11,1.0,-0.4879507833781147,2096.0,29.12719891745602,Low,False,False,False
2023,VA,Virginia,Colonial Heights,51570,18393,11,1.0,-0.4881318594374082,2097.0,29.09336941813261,Low,False,False,False
2023,NY,New York,Clinton,36019,78115,11,1.0,-0.4882069336393927,2098.0,29.0595399188092,Low,False,False,False
2023,MN,Minnesota,Martin,27091,19657,11,1.0,-0.4884478617640648,2099.0,29.02571041948579,Low,False,False,False
2023,ND,North Dakota,Adams,38001,2163,11,1.0,-0.4892088288317799,2100.0,28.991880920162384,Low,False,False,False
2023,MN,Minnesota,Sibley,27143,15084,11,1.0,-0.493948601998296,2101.0,28.95805142083897,Low,False,False,False
2023,KS,Kansas,Kiowa,20097,2374,11,1.0,-0.4953499308516082,2102.0,28.924221921515564,Low,False,False,False
2023,MO,Missouri,Christian,29043,94422,11,1.0,-0.4954288803476437,2103.0,28.89039242219215,Low,False,False,False
2023,IA,Iowa,Washington,19183,22560,11,1.0,-0.495602620800285,2104.0,28.85656292286874,Low,False,False,False
2023,FL,Florida,Lake,12069,424462,11,1.0,-0.4974364339732594,2105.0,28.822733423545333,Low,False,False,False
2023,NY,New York,Yates,36123,24472,11,1.0,-0.4977706367072411,2106.0,28.78890392422192,Low,False,False,False
2023,VA,Virginia,Chesapeake,51550,253886,11,1.0,-0.498890726956163,2107.0,28.755074424898517,Low,False,False,False
2023,SD,South Dakota,Davison,46035,19922,11,1.0,-0.4995850472653455,2108.0,28.7212449255751,Low,False,False,False
2023,GA,Georgia,Jackson,13157,88615,11,1.0,-0.5016123341605235,2109.0,28.68741542625169,Low,False,False,False
2023,IL,Illinois,Jersey,17083,21091,11,1.0,-0.5031504670588796,2110.0,28.653585926928283,Low,False,False,False
2023,MN,Minnesota,Morrison,27097,34250,11,1.0,-0.5035846024365718,2111.0,28.61975642760487,Low,False,False,False
2023,WY,Wyoming,Natrona,56025,79941,11,1.0,-0.5042920734549853,2112.0,28.585926928281463,Low,False,False,False
2023,IA,Iowa,Sac,19161,9686,11,1.0,-0.5063585673145169,2113.0,28.55209742895805,Low,False,False,False
2023,MN,Minnesota,Itasca,27061,45365,11,1.0,-0.5065109670234406,2114.0,28.51826792963464,Low,False,False,False
2023,WA,Washington,Stevens,53065,48837,11,1.0,-0.5081014201961662,2115.0,28.484438430311236,Low,False,False,False
2023,KS,Kansas,Ellis,20051,28810,11,1.0,-0.5089650612747328,2116.0,28.45060893098782,Low,False,False,False
2023,NE,Nebraska,Saline,31151,14555,11,1.0,-0.5095086817728554,2117.0,28.416779431664413,Low,False,False,False
2023,WA,Washington,Whitman,53075,48012,11,1.0,-0.5096741463342543,2118.0,28.382949932341,Low,False,False,False
2023,WI,Wisconsin,Manitowoc,55071,81331,11,1.0,-0.5099051872034808,2119.0,28.349120433017596,Low,False,False,False
2023,IA,Iowa,Kossuth,19109,14396,11,1.0,-0.5100583845256167,2120.0,28.315290933694182,Low,False,False,False
2023,MN,Minnesota,Big Stone,27011,5105,11,1.0,-0.5114387244892005,2121.0,28.28146143437077,Low,False,False,False
2023,CA,California,Shasta,6089,180366,11,1.0,-0.5123280418244766,2122.0,28.24763193504736,Low,False,False,False
2023,TN,Tennessee,Wilson,47189,163674,11,1.0,-0.5125664332967346,2123.0,28.21380243572395,Low,False,False,False
2023,IA,Iowa,Palo Alto,19147,8810,11,1.0,-0.513168002275731,2124.0,28.179972936400542,Low,False,False,False
2023,MN,Minnesota,Fillmore,27045,21522,11,1.0,-0.5133197021931486,2125.0,28.14614343707713,Low,False,False,False
2023,FL,Florida,Clay,12019,232439,11,1.0,-0.5134790362731168,2126.0,28.11231393775372,Low,False,False,False
2023,NE,Nebraska,Box Butte,31013,10692,11,1.0,-0.5134812323768799,2127.0,28.078484438430312,Low,False,False,False
2023,MN,Minnesota,Becker,27005,35283,11,1.0,-0.5161833948636778,2128.0,28.0446549391069,Low,False,False,False
2023,MN,Minnesota,Kandiyohi,27067,43813,11,1.0,-0.5162184342625636,2129.0,28.01082543978349,Low,False,False,False
2023,CA,California,San Joaquin,6077,800965,11,1.0,-0.5165402703069965,2130.0,27.97699594046008,Low,False,False,False
2023,AK,Alaska,Copper River,2066,2674,11,1.0,-0.51702045616904,2131.0,27.94316644113667,Low,False,False,False
2023,MN,Minnesota,Polk,27119,30412,11,1.0,-0.5170922443308557,2132.0,27.90933694181326,Low,False,False,False
2023,NE,Nebraska,Hayes,31085,846,11,1.0,-0.517765533836639,2133.0,27.875507442489848,Low,False,False,False
2023,IA,Iowa,Jones,19105,20900,11,1.0,-0.5182289973124541,2134.0,27.84167794316644,Low,False,False,False
2023,VA,Virginia,Lexington,51678,7528,11,1.0,-0.5184603836163612,2135.0,27.80784844384303,Low,False,False,False
2023,IA,Iowa,Worth,19195,7297,11,1.0,-0.5192001437419207,2136.0,27.774018944519614,Low,False,False,False
2023,NE,Nebraska,Sheridan,31161,4928,11,1.0,-0.5195220992720858,2137.0,27.74018944519621,Low,False,False,False
2023,KS,Kansas,Ellsworth,20053,6357,11,1.0,-0.5196125312407198,2138.0,27.7063599458728,Low,False,False,False
2023,NY,New York,Jefferson,36045,114787,11,1.0,-0.522147871317207,2139.0,27.67253044654939,Low,False,False,False
2023,VA,Virginia,King William,51101,19030,11,1.0,-0.5233874194971208,2140.0,27.63870094722598,Low,False,False,False
2023,VA,Virginia,Bedford,51019,81525,11,1.0,-0.5233937850841914,2141.0,27.60487144790257,Low,False,False,False
2023,CO,Colorado,Delta,8029,31746,11,1.0,-0.5236089229393448,2142.0,27.57104194857916,Low,False,False,False
2023,DE,Delaware,Sussex,10005,263509,11,1.0,-0.5239981227251443,2143.0,27.537212449255748,Low,False,False,False
2023,SD,South Dakota,Hanson,46061,3471,11,1.0,-0.5246556994134622,2144.0,27.50338294993234,Low,False,False,False
2023,IA,Iowa,Carroll,19027,20522,11,1.0,-0.5249427727617273,2145.0,27.46955345060893,Low,False,False,False
2023,NM,New Mexico,Lincoln,35027,20029,11,1.0,-0.5249821461026896,2146.0,27.435723951285524,Low,False,False,False
2023,KS,Kansas,Gove,20063,2735,11,1.0,-0.5251871656787319,2147.0,27.40189445196211,Low,False,False,False
2023,WY,Wyoming,Johnson,56019,8759,11,1.0,-0.5252803254508858,2148.0,27.368064952638697,Low,False,False,False
2023,NC,North Carolina,Lincoln,37109,95675,11,1.0,-0.5254175835355547,2149.0,27.33423545331529,Low,False,False,False
2023,SC,South Carolina,Georgetown,45043,65731,11,1.0,-0.5260522389754674,2150.0,27.30040595399188,Low,False,False,False
2023,VA,Virginia,Isle of Wight,51093,40711,11,1.0,-0.5263516901190024,2151.0,27.266576454668478,Low,False,False,False
2023,NC,North Carolina,Davie,37059,44599,11,1.0,-0.5284244670022558,2152.0,27.23274695534506,Low,False,False,False
2023,MS,Mississippi,Rankin,28121,160417,11,1.0,-0.5286811695560975,2153.0,27.198917456021647,Low,False,False,False
2023,IA,Iowa,Mitchell,19131,10518,11,1.0,-0.5292720924438444,2154.0,27.16508795669824,Low,False,False,False
2023,GA,Georgia,Lee,13177,33872,11,1.0,-0.5297795979932983,2155.0,27.13125845737483,Low,False,False,False
2023,TX,Texas,Brazoria,48039,398938,11,1.0,-0.5300744345384706,2156.0,27.097428958051424,Low,False,False,False
2023,SD,South Dakota,Clark,46025,3948,11,1.0,-0.5306449356543689,2157.0,27.06359945872801,Low,False,False,False
2023,TX,Texas,Mason,48319,3931,11,1.0,-0.5322407430994546,2158.0,27.0297699594046,Low,False,False,False
2023,IA,Iowa,Fremont,19071,6458,11,1.0,-0.53360226210892,2159.0,26.99594046008119,Low,False,False,False
2023,FL,Florida,Alachua,12001,285994,11,1.0,-0.5346002381402376,2160.0,26.96211096075778,Low,False,False,False
2023,TX,Texas,Randall,48381,148255,11,1.0,-0.5347124970002946,2161.0,26.928281461434374,Low,False,False,False
2023,SD,South Dakota,Miner,46097,2280,11,1.0,-0.5347359176449552,2162.0,26.89445196211096,Low,False,False,False
2023,SD,South Dakota,Codington,46029,28971,11,1.0,-0.5348116969871396,2163.0,26.860622462787557,Low,False,False,False
2023,IA,Iowa,Ringgold,19159,4642,11,1.0,-0.5353195400058435,2164.0,26.82679296346414,Low,False,False,False
2023,WI,Wisconsin,Iron,55051,6228,11,1.0,-0.536024192676236,2165.0,26.79296346414073,Low,False,False,False
2023,NY,New York,Wyoming,36121,39532,11,1.0,-0.537387364298997,2166.0,26.759133964817323,Low,False,False,False
2023,NJ,New Jersey,Passaic,34031,513395,11,1.0,-0.538219454309165,2167.0,26.72530446549391,Low,False,False,False
2023,MN,Minnesota,Red Lake,27125,3911,11,1.0,-0.5396086050864675,2168.0,26.691474966170503,Low,False,False,False
2023,MI,Michigan,Benzie,26019,18441,11,1.0,-0.5405490258478781,2169.0,26.65764546684709,Low,False,False,False
2023,UT,Utah,Sevier,49041,22344,11,1.0,-0.5411794436120364,2170.0,26.62381596752368,Low,False,False,False
2023,WI,Wisconsin,Kewaunee,55061,20690,11,1.0,-0.5413329558340009,2171.0,26.589986468200276,Low,False,False,False
2023,NY,New York,Herkimer,36043,59484,11,1.0,-0.5421786047925289,2172.0,26.55615696887686,Low,False,False,False
2023,KS,Kansas,Harvey,20079,33504,11,1.0,-0.5427650531067485,2173.0,26.522327469553453,Low,False,False,False
2023,WY,Wyoming,Campbell,56005,47498,11,1.0,-0.5433699703194615,2174.0,26.48849797023004,Low,False,False,False
2023,VA,Virginia,Charlottesville,51540,44983,11,1.0,-0.5442913674352382,2175.0,26.45466847090663,Low,False,False,False
2023,MN,Minnesota,Marshall,27089,8810,11,1.0,-0.5451320453024642,2176.0,26.420838971583223,Low,False,False,False
2023,MN,Minnesota,Stevens,27149,9728,11,1.0,-0.5471718130509426,2177.0,26.38700947225981,Low,False,False,False
2023,KS,Kansas,Nemaha,20131,10114,11,1.0,-0.5477438080982137,2178.0,26.3531799729364,Low,False,False,False
2023,SD,South Dakota,Haakon,46055,1851,11,1.0,-0.547943278556441,2179.0,26.31935047361299,Low,False,False,False
2023,NY,New York,Chemung,36015,81325,11,1.0,-0.5483616228475161,2180.0,26.28552097428958,Low,False,False,False
2023,NE,Nebraska,Cherry,31031,5492,11,1.0,-0.5486813750538919,2181.0,26.25169147496617,Low,False,False,False
2023,NE,Nebraska,Boyd,31015,1725,11,1.0,-0.5491239073166754,2182.0,26.21786197564276,Low,False,False,False
2023,IL,Illinois,Jasper,17079,9144,11,1.0,-0.5511023467251692,2183.0,26.184032476319352,Low,False,False,False
2023,IL,Illinois,Madison,17119,262752,11,1.0,-0.5515133262337786,2184.0,26.15020297699594,Low,False,False,False
2023,VA,Virginia,Gloucester,51073,40057,11,1.0,-0.5519980318814757,2185.0,26.11637347767253,Low,False,False,False
2023,GA,Georgia,Paulding,13223,183164,11,1.0,-0.5525807992815973,2186.0,26.08254397834912,Low,False,False,False
2023,NE,Nebraska,Thayer,31169,4829,11,1.0,-0.5530014736261648,2187.0,26.04871447902571,Low,False,False,False
2023,NM,New Mexico,Bernalillo,35001,671586,11,1.0,-0.5530415068200166,2188.0,26.014884979702305,Low,False,False,False
2023,AK,Alaska,Aleutians East,2013,3461,11,1.0,-0.5534859564028911,2189.0,25.98105548037889,Low,False,False,False
2023,MD,Maryland,Charles,24017,171973,11,1.0,-0.5551998719689578,2190.0,25.94722598105548,Low,False,False,False
2023,NE,Nebraska,Burt,31021,6727,11,1.0,-0.5553074979326306,2191.0,25.91339648173207,Low,False,False,False
2023,AK,Alaska,Matanuska-Susitna,2170,115239,11,1.0,-0.557878490922607,2192.0,25.879566982408654,Low,False,False,False
2023,CA,California,Plumas,6063,19131,11,1.0,-0.5588051833235193,2193.0,25.84573748308525,Low,False,False,False
2023,WI,Wisconsin,Florence,55037,4682,11,1.0,-0.559080742252316,2194.0,25.81190798376184,Low,False,False,False
2023,KS,Kansas,Riley,20161,71402,11,1.0,-0.5598599938812012,2195.0,25.77807848443843,Low,False,False,False
2023,MT,Montana,Fergus,30027,11772,11,1.0,-0.5608163596298705,2196.0,25.74424898511502,Low,False,False,False
2023,CO,Colorado,Yuma,8125,9862,11,1.0,-0.561148278810537,2197.0,25.710419485791608,Low,False,False,False
2023,NY,New York,Niagara,36063,209457,11,1.0,-0.5621824893045599,2198.0,25.6765899864682,Low,False,False,False
2023,OR,Oregon,Yamhill,41071,108644,11,1.0,-0.5629622540653746,2199.0,25.642760487144788,Low,False,False,False
2023,ND,North Dakota,Pembina,38067,6661,11,1.0,-0.5650231964773075,2200.0,25.60893098782138,Low,False,False,False
2023,WA,Washington,Douglas,53017,44798,11,1.0,-0.5658121926830434,2201.0,25.57510148849797,Low,False,False,False
2023,GA,Georgia,Greene,13133,20722,11,1.0,-0.5659267293171256,2202.0,25.54127198917456,Low,False,False,False
2023,AL,Alabama,Madison,1089,412600,11,1.0,-0.5667778923074648,2203.0,25.50744248985115,Low,False,False,False
2023,NY,New York,Broome,36007,196077,11,1.0,-0.5679827001034731,2204.0,25.473612990527737,Low,False,False,False
2023,VT,Vermont,Orleans,50019,27516,11,1.0,-0.5691640018229335,2205.0,25.43978349120433,Low,False,False,False
2023,NV,Nevada,Lincoln,32017,4452,11,1.0,-0.5695897684509172,2206.0,25.40595399188092,Low,False,False,False
2023,IL,Illinois,Sangamon,17167,193491,11,1.0,-0.570137726026443,2207.0,25.372124492557514,Low,False,False,False
2023,OR,Oregon,Polk,41053,89805,11,1.0,-0.5709923541866089,2208.0,25.3382949932341,Low,False,False,False
2023,MI,Michigan,Antrim,26009,24409,11,1.0,-0.5714507510041021,2209.0,25.304465493910687,Low,False,False,False
2023,IA,Iowa,Iowa,19095,16381,11,1.0,-0.5718241329538911,2210.0,25.27063599458728,Low,False,False,False
2023,IA,Iowa,Jefferson,19101,15440,11,1.0,-0.5724878108026566,2211.0,25.23680649526387,Low,False,False,False
2023,NE,Nebraska,Adams,31001,30899,11,1.0,-0.572553042488164,2212.0,25.202976995940464,Low,False,False,False
2023,WI,Wisconsin,Vilas,55125,23885,11,1.0,-0.573388724133742,2213.0,25.16914749661705,Low,False,False,False
2023,ID,Idaho,Clearwater,16035,9214,11,1.0,-0.57414220897984,2214.0,25.13531799729364,Low,False,False,False
2023,ND,North Dakota,Wells,38103,3876,11,1.0,-0.5747809988968293,2215.0,25.10148849797023,Low,False,False,False
2023,IA,Iowa,Shelby,19165,11806,11,1.0,-0.5755039548483573,2216.0,25.06765899864682,Low,False,False,False
2023,MO,Missouri,Clay,29047,259772,11,1.0,-0.5757862724355801,2217.0,25.033829499323414,Low,False,False,False
2023,MN,Minnesota,St. Louis,27137,200514,11,1.0,-0.5758351415604953,2218.0,25.0,Low,False,False,False
2023,CA,California,Calaveras,6009,46565,11,1.0,-0.5762074579456482,2219.0,24.96617050067659,Low,False,False,False
2023,MN,Minnesota,Murray,27101,8049,11,1.0,-0.5763175389943525,2220.0,24.93234100135318,Low,False,False,False
2023,MN,Minnesota,McLeod,27085,36785,11,1.0,-0.5771178745922714,2221.0,24.89851150202977,Low,False,False,False
2023,MT,Montana,Granite,30039,3595,11,1.0,-0.5784032893475662,2222.0,24.86468200270636,Low,False,False,False
2023,CA,California,Mariposa,6043,16919,11,1.0,-0.5785641220249831,2223.0,24.83085250338295,Low,False,False,False
2023,UT,Utah,Iron,49021,64211,11,1.0,-0.579607268920289,2224.0,24.79702300405954,Low,False,False,False
2023,UT,Utah,Daggett,49009,992,11,1.0,-0.5797398383519146,2225.0,24.76319350473613,Low,False,False,False
2023,TX,Texas,Armstrong,48011,1832,11,1.0,-0.579770582362426,2226.0,24.72936400541272,Low,False,False,False
2023,IL,Illinois,Clinton,17027,36785,11,1.0,-0.5806920866432645,2227.0,24.69553450608931,Low,False,False,False
2023,NY,New York,Steuben,36101,92162,11,1.0,-0.5809792380249035,2228.0,24.6617050067659,Low,False,False,False
2023,VA,Virginia,Manassas,51683,42696,11,1.0,-0.5811015607769328,2229.0,24.62787550744249,Low,False,False,False
2023,MT,Montana,Teton,30099,6430,11,1.0,-0.5813476086415673,2230.0,24.59404600811908,Low,False,False,False
2023,KS,Kansas,Clark,20025,1847,11,1.0,-0.5815140133008815,2231.0,24.56021650879567,Low,False,False,False
2023,MN,Minnesota,Rock,27133,9551,11,1.0,-0.5820390474420502,2232.0,24.52638700947226,Low,False,False,False
2023,ND,North Dakota,Slope,38087,674,11,1.0,-0.5828249441552386,2233.0,24.49255751014885,Low,False,False,False
2023,IA,Iowa,Winnebago,19189,10571,11,1.0,-0.5867560645848537,2234.0,24.45872801082544,Low,False,False,False
2023,MN,Minnesota,Meeker,27093,23490,11,1.0,-0.5887321750431135,2235.0,24.42489851150203,Low,False,False,False
2023,WI,Wisconsin,Bayfield,55007,16769,11,1.0,-0.5907249293538009,2236.0,24.39106901217862,Low,False,False,False
2023,IA,Iowa,Cedar,19031,18302,11,1.0,-0.5923625706509552,2237.0,24.35723951285521,Low,False,False,False
2023,MI,Michigan,Kent,26081,661354,11,1.0,-0.5924481685247407,2238.0,24.3234100135318,Low,False,False,False
2023,ID,Idaho,Bannock,16005,90400,11,1.0,-0.5928895668548503,2239.0,24.28958051420839,Low,False,False,False
2023,TX,Texas,Parker,48367,173494,11,1.0,-0.5941903460625272,2240.0,24.25575101488498,Low,False,False,False
2023,CO,Colorado,Sedgwick,8115,2299,11,1.0,-0.5948591994402749,2241.0,24.22192151556157,Low,False,False,False
2023,SD,South Dakota,Walworth,46129,5269,11,1.0,-0.5949883405699276,2242.0,24.18809201623816,Low,False,False,False
2023,AR,Arkansas,Benton,5007,311013,11,1.0,-0.5954804809040716,2243.0,24.15426251691475,Low,False,False,False
2023,MT,Montana,Custer,30017,11985,11,1.0,-0.5980201950379804,2244.0,24.12043301759134,Low,False,False,False
2023,IA,Iowa,Monroe,19135,7504,11,1.0,-0.598129790264319,2245.0,24.08660351826793,Low,False,False,False
2023,TX,Texas,Shackelford,48417,3229,11,1.0,-0.5986013323785934,2246.0,24.05277401894452,Low,False,False,False
2023,NE,Nebraska,Dodge,31053,37187,11,1.0,-0.5996563520289565,2247.0,24.01894451962111,Low,False,False,False
2023,MN,Minnesota,Stearns,27145,160977,11,1.0,-0.6008004823228057,2248.0,23.9851150202977,Low,False,False,False
2023,TX,Texas,Carson,48065,5878,11,1.0,-0.6009116428490079,2249.0,23.951285520974288,Low,False,False,False
2023,ND,North Dakota,Emmons,38029,3224,11,1.0,-0.60224642817043,2250.0,23.91745602165088,Low,False,False,False
2023,VA,Virginia,Fluvanna,51065,28462,11,1.0,-0.6043678003420972,2251.0,23.883626522327468,Low,False,False,False
2023,NE,Nebraska,Deuel,31049,1871,11,1.0,-0.6046535374786012,2252.0,23.84979702300406,Low,False,False,False
2023,ND,North Dakota,McHenry,38049,5131,11,1.0,-0.6050640292638712,2253.0,23.81596752368065,Low,False,False,False
2023,IA,Iowa,Harrison,19085,14670,11,1.0,-0.6051311867139071,2254.0,23.78213802435724,Low,False,False,False
2023,TX,Texas,Hays,48209,280486,11,1.0,-0.6053429867857071,2255.0,23.748308525033828,Low,False,False,False
2023,IL,Illinois,Henry,17073,48448,11,1.0,-0.6053862065328328,2256.0,23.714479025710418,Low,False,False,False
2023,WI,Wisconsin,Brown,55009,271417,11,1.0,-0.6056288639510025,2257.0,23.68064952638701,Low,False,False,False
2023,NE,Nebraska,Hooker,31091,679,11,1.0,-0.6069499306347347,2258.0,23.6468200270636,Low,False,False,False
2023,ND,North Dakota,Williams,38105,39113,11,1.0,-0.6079140608352878,2259.0,23.61299052774019,Low,False,False,False
2023,ND,North Dakota,Stutsman,38093,21392,11,1.0,-0.6094877247277734,2260.0,23.579161028416777,Low,False,False,False
2023,NY,New York,Schuyler,36097,17507,11,1.0,-0.6101608429390577,2261.0,23.545331529093367,Low,False,False,False
2023,IN,Indiana,Hancock,18059,86166,11,1.0,-0.6105248941530178,2262.0,23.51150202976996,Low,False,False,False
2023,WY,Wyoming,Uinta,56041,20745,11,1.0,-0.6108235626798403,2263.0,23.47767253044655,Low,False,False,False
2023,SD,South Dakota,Aurora,46003,2782,11,1.0,-0.614082104420329,2264.0,23.44384303112314,Low,False,False,False
2023,SD,South Dakota,Sanborn,46111,2399,11,1.0,-0.614093182709574,2265.0,23.410013531799727,Low,False,False,False
2023,MT,Montana,Yellowstone,30111,170843,11,1.0,-0.6148846707310069,2266.0,23.37618403247632,Low,False,False,False
2023,ND,North Dakota,McKenzie,38053,14252,11,1.0,-0.615008653214934,2267.0,23.34235453315291,Low,False,False,False
2023,IA,Iowa,Clay,19041,16511,11,1.0,-0.6175984822326286,2268.0,23.3085250338295,Low,False,False,False
2023,NE,Nebraska,Johnson,31097,5198,11,1.0,-0.61806268961783,2269.0,23.27469553450609,Low,False,False,False
2023,KS,Kansas,Decatur,20039,2712,11,1.0,-0.6200937234268076,2270.0,23.24086603518268,Low,False,False,False
2023,IL,Illinois,Menard,17129,11954,11,1.0,-0.6203208979501352,2271.0,23.207036535859267,Low,False,False,False
2023,NE,Nebraska,Antelope,31003,6302,11,1.0,-0.6203781758590148,2272.0,23.17320703653586,Low,False,False,False
2023,MT,Montana,Fallon,30025,2994,11,1.0,-0.620522072436748,2273.0,23.13937753721245,Low,False,False,False
2023,UT,Utah,Emery,49015,10144,11,1.0,-0.6206751209777117,2274.0,23.10554803788904,Low,False,False,False
2023,MO,Missouri,Boone,29019,189463,11,1.0,-0.6207099228008581,2275.0,23.07171853856563,Low,False,False,False
2023,FL,Florida,Lee,12071,834573,11,1.0,-0.6212608375934917,2276.0,23.037889039242216,Low,False,False,False
2023,ND,North Dakota,Kidder,38043,2342,11,1.0,-0.6228384073890966,2277.0,23.00405953991881,Low,False,False,False
2023,MT,Montana,Treasure,30103,772,11,1.0,-0.623110721797138,2278.0,22.9702300405954,Low,False,False,False
2023,CO,Colorado,Montezuma,8083,26531,11,1.0,-0.6254504234128796,2279.0,22.93640054127199,Low,False,False,False
2023,NE,Nebraska,Cheyenne,31033,9541,11,1.0,-0.6259089281456774,2280.0,22.90257104194858,Low,False,False,False
2023,ND,North Dakota,Mercer,38057,8309,11,1.0,-0.6277864521494981,2281.0,22.86874154262517,Low,False,False,False
2023,MD,Maryland,Baltimore,24005,844703,11,1.0,-0.6301831574068886,2282.0,22.83491204330176,Low,False,False,False
2023,ND,North Dakota,Sheridan,38083,1266,11,1.0,-0.630464430728434,2283.0,22.80108254397835,Low,False,False,False
2023,NE,Nebraska,Dundy,31057,1561,11,1.0,-0.630622751085723,2284.0,22.76725304465494,Low,False,False,False
2023,NY,New York,Sullivan,36105,79920,11,1.0,-0.6312038462434785,2285.0,22.73342354533153,Low,False,False,False
2023,FL,Florida,Broward,12011,1962531,11,1.0,-0.631241220967703,2286.0,22.69959404600812,Low,False,False,False
2023,KS,Kansas,Butler,20015,68632,11,1.0,-0.6321362204199094,2287.0,22.66576454668471,Low,False,False,False
2023,VA,Virginia,Frederick,51069,95994,11,1.0,-0.6322555493437978,2288.0,22.6319350473613,Low,False,False,False
2023,FL,Florida,Hillsborough,12057,1535564,11,1.0,-0.6325477486861997,2289.0,22.59810554803789,Low,False,False,False
2023,ID,Idaho,Lemhi,16059,8441,11,1.0,-0.6328104986682109,2290.0,22.56427604871448,Low,False,False,False
2023,MN,Minnesota,Rice,27131,67948,11,1.0,-0.6342546485324703,2291.0,22.53044654939107,Low,False,False,False
2023,MN,Minnesota,Pope,27121,11400,11,1.0,-0.6345968809518864,2292.0,22.49661705006766,Low,False,False,False
2023,GA,Georgia,Gwinnett,13135,983526,11,1.0,-0.6349702859469887,2293.0,22.46278755074425,Low,False,False,False
2023,FL,Florida,Orange,12095,1471416,11,1.0,-0.6358985071700259,2294.0,22.42895805142084,Low,False,False,False
2023,NE,Nebraska,Valley,31175,4012,11,1.0,-0.6373462787538263,2295.0,22.39512855209743,Low,False,False,False
2023,MN,Minnesota,Lyon,27083,25427,11,1.0,-0.637465306768436,2296.0,22.36129905277402,Low,False,False,False
2023,TX,Texas,Hemphill,48211,3189,11,1.0,-0.6376122327218341,2297.0,22.32746955345061,Low,False,False,False
2023,VA,Virginia,Botetourt,51023,34125,11,1.0,-0.6376557123168872,2298.0,22.2936400541272,Low,False,False,False
2023,NC,North Carolina,Transylvania,37175,33549,11,1.0,-0.6384042023041742,2299.0,22.25981055480379,Low,False,False,False
2023,WA,Washington,Pierce,53053,928696,11,1.0,-0.6391790625423887,2300.0,22.22598105548038,Low,False,False,False
2023,MN,Minnesota,Lincoln,27081,5521,11,1.0,-0.6411703865197177,2301.0,22.19215155615697,Low,False,False,False
2023,OH,Ohio,Greene,39057,169691,11,1.0,-0.642021406710964,2302.0,22.15832205683356,Low,False,False,False
2023,ID,Idaho,Idaho,16049,17890,11,1.0,-0.6422251092144486,2303.0,22.12449255751015,Low,False,False,False
2023,VA,Virginia,Highland,51091,2339,11,1.0,-0.6427548828267059,2304.0,22.09066305818674,Low,False,False,False
2023,IL,Illinois,Effingham,17049,34331,11,1.0,-0.6427645525713893,2305.0,22.056833558863328,Low,False,False,False
2023,VA,Virginia,Virginia Beach,51810,453649,11,1.0,-0.6430730987273319,2306.0,22.02300405953992,Low,False,False,False
2023,VA,Virginia,King George,51099,28568,11,1.0,-0.644575794984063,2307.0,21.989174560216508,Low,False,False,False
2023,TX,Texas,Borden,48033,572,11,1.0,-0.6453009492007914,2308.0,21.9553450608931,Low,False,False,False
2023,WI,Wisconsin,La Crosse,55063,120486,11,1.0,-0.6474622313076884,2309.0,21.921515561569688,Low,False,False,False
2023,NE,Nebraska,Keya Paha,31103,805,11,1.0,-0.6478902131258232,2310.0,21.88768606224628,Low,False,False,False
2023,VT,Vermont,Caledonia,50005,30610,11,1.0,-0.648555802308728,2311.0,21.853856562922868,Low,False,False,False
2023,WI,Wisconsin,Sheboygan,55117,117752,11,1.0,-0.6507755479912473,2312.0,21.820027063599458,Low,False,False,False
2023,IA,Iowa,Scott,19163,174270,11,1.0,-0.6513674318031911,2313.0,21.78619756427605,Low,False,False,False
2023,ND,North Dakota,Walsh,38099,10305,11,1.0,-0.6514670421646233,2314.0,21.75236806495264,Low,False,False,False
2023,FL,Florida,Manatee,12081,441095,11,1.0,-0.6521334204597564,2315.0,21.718538565629228,Low,False,False,False
2023,WI,Wisconsin,Oneida,55085,38226,11,1.0,-0.6531612864841316,2316.0,21.684709066305818,Low,False,False,False
2023,SD,South Dakota,Spink,46115,6166,11,1.0,-0.6534828656896509,2317.0,21.650879566982407,Low,False,False,False
2023,FL,Florida,Brevard,12009,643979,11,1.0,-0.6552289895906136,2318.0,21.617050067659,Low,False,False,False
2023,ID,Idaho,Caribou,16029,7219,11,1.0,-0.656057408049727,2319.0,21.58322056833559,Low,False,False,False
2023,WI,Wisconsin,Jefferson,55055,85743,11,1.0,-0.6569724217123576,2320.0,21.549391069012177,Low,False,False,False
2023,AK,Alaska,Bristol Bay,2060,844,11,1.0,-0.6573498787832089,2321.0,21.515561569688767,Low,False,False,False
2023,KS,Kansas,Scott,20171,4922,11,1.0,-0.6586708967915006,2322.0,21.48173207036536,Low,False,False,False
2023,WA,Washington,Kittitas,53037,45508,11,1.0,-0.6586758344504592,2323.0,21.44790257104195,Low,False,False,False
2023,KS,Kansas,Grant,20067,7147,11,1.0,-0.6599006111677022,2324.0,21.41407307171854,Low,False,False,False
2023,WI,Wisconsin,Green,55045,36951,11,1.0,-0.6599037304219629,2325.0,21.380243572395127,Low,False,False,False
2023,NE,Nebraska,Merrick,31121,7755,11,1.0,-0.6604981566605739,2326.0,21.34641407307172,Low,False,False,False
2023,AZ,Arizona,Pima,4019,1063162,11,1.0,-0.6623793034756414,2327.0,21.312584573748307,Low,False,False,False
2023,KS,Kansas,McPherson,20113,30091,11,1.0,-0.6628401590497078,2328.0,21.2787550744249,Low,False,False,False
2023,GA,Georgia,Morgan,13211,21460,11,1.0,-0.6630946161964897,2329.0,21.24492557510149,Low,False,False,False
2023,ID,Idaho,Valley,16085,12644,11,1.0,-0.6631555335853095,2330.0,21.21109607577808,Low,False,False,False
2023,KS,Kansas,Washington,20201,5504,11,1.0,-0.6634563537538709,2331.0,21.177266576454667,Low,False,False,False
2023,NE,Nebraska,Blaine,31009,436,11,1.0,-0.6641280226012648,2332.0,21.143437077131257,Low,False,False,False
2023,IL,Illinois,Washington,17189,13536,11,1.0,-0.664274188420439,2333.0,21.10960757780785,Low,False,False,False
2023,MN,Minnesota,Brown,27015,25628,11,1.0,-0.6645605298988833,2334.0,21.07577807848444,Low,False,False,False
2023,NE,Nebraska,Madison,31119,35627,11,1.0,-0.66468153641467,2335.0,21.04194857916103,Low,False,False,False
2023,FL,Florida,Charlotte,12015,206134,11,1.0,-0.6648138294705167,2336.0,21.008119079837616,Low,False,False,False
2023,WI,Wisconsin,Marathon,55073,138612,11,1.0,-0.6664186250057745,2337.0,20.97428958051421,Low,False,False,False
2023,MT,Montana,Meagher,30059,2071,11,1.0,-0.6686949319051819,2338.0,20.9404600811908,Low,False,False,False
2023,SC,South Carolina,Greenville,45045,558036,11,1.0,-0.6693305744081587,2339.0,20.90663058186739,Low,False,False,False
2023,ID,Idaho,Bear Lake,16007,6766,11,1.0,-0.6702012622154313,2340.0,20.87280108254398,Low,False,False,False
2023,CO,Colorado,Adams,8001,533365,11,1.0,-0.6708849446829608,2341.0,20.83897158322057,Low,False,False,False
2023,WI,Wisconsin,Pepin,55091,7441,11,1.0,-0.6711699534479459,2342.0,20.80514208389716,Low,False,False,False
2023,TX,Texas,Gillespie,48171,27733,11,1.0,-0.6712309625277927,2343.0,20.77131258457375,Low,False,False,False
2023,IA,Iowa,Boone,19015,26590,11,1.0,-0.675203869196978,2344.0,20.73748308525034,Low,False,False,False
2023,ID,Idaho,Franklin,16041,15494,11,1.0,-0.6777515314056839,2345.0,20.70365358592693,Low,False,False,False
2023,MN,Minnesota,Roseau,27135,15252,11,1.0,-0.6789870019995526,2346.0,20.66982408660352,Low,False,False,False
2023,WA,Washington,Walla Walla,53071,61568,11,1.0,-0.6792732418081815,2347.0,20.635994587280106,Low,False,False,False
2023,TX,Texas,Hood,48221,67774,11,1.0,-0.6794076664335671,2348.0,20.6021650879567,Low,False,False,False
2023,MN,Minnesota,Winona,27169,49721,11,1.0,-0.6804170938964337,2349.0,20.56833558863329,Low,False,False,False
2023,IL,Illinois,Tazewell,17179,129541,11,1.0,-0.6811185273749891,2350.0,20.53450608930988,Low,False,False,False
2023,WI,Wisconsin,Polk,55095,45762,11,1.0,-0.6831281996185498,2351.0,20.50067658998647,Low,False,False,False
2023,ND,North Dakota,Ransom,38073,5603,11,1.0,-0.6832340210956879,2352.0,20.46684709066306,Low,False,False,False
2023,NE,Nebraska,Cuming,31039,8918,11,1.0,-0.6837258714539985,2353.0,20.43301759133965,Low,False,False,False
2023,NE,Nebraska,Jefferson,31095,7054,11,1.0,-0.6856539013617038,2354.0,20.39918809201624,Low,False,False,False
2023,VT,Vermont,Rutland,50021,60271,11,1.0,-0.6858659187295314,2355.0,20.36535859269283,Low,False,False,False
2023,IL,Illinois,Champaign,17019,205644,11,1.0,-0.6873541361544282,2356.0,20.33152909336942,Low,False,False,False
2023,WY,Wyoming,Laramie,56021,100984,11,1.0,-0.6876159165382064,2357.0,20.29769959404601,Low,False,False,False
2023,IA,Iowa,Hamilton,19079,14729,11,1.0,-0.6877581429738785,2358.0,20.2638700947226,Low,False,False,False
2023,GA,Georgia,Coweta,13077,155892,11,1.0,-0.6887839764729127,2359.0,20.23004059539919,Low,False,False,False
2023,NE,Nebraska,Wayne,31179,9874,11,1.0,-0.6888301432640881,2360.0,20.19621109607578,Low,False,False,False
2023,NE,Nebraska,Phelps,31137,9057,11,1.0,-0.6891222157086835,2361.0,20.16238159675237,Low,False,False,False
2023,NY,New York,Cortland,36023,45752,11,1.0,-0.6892043634071227,2362.0,20.12855209742896,Low,False,False,False
2023,SD,South Dakota,Grant,46051,7553,11,1.0,-0.6900723358880154,2363.0,20.094722598105548,Low,False,False,False
2023,MT,Montana,Daniels,30019,1633,11,1.0,-0.6908209273724464,2364.0,20.060893098782135,Low,False,False,False
2023,CO,Colorado,Dolores,8033,2513,11,1.0,-0.6911791961519321,2365.0,20.027063599458728,Low,False,False,False
2023,MI,Michigan,Charlevoix,26029,26159,11,1.0,-0.6913739483989516,2366.0,19.99323410013532,Very Low,False,False,False
2023,HI,Hawaii,Kalawao,15005,81,11,1.0,-0.692350247424897,2367.0,19.959404600811908,Very Low,False,False,False
2023,NE,Nebraska,Webster,31181,3351,11,1.0,-0.6941615050891766,2368.0,19.925575101488494,Very Low,False,False,False
2023,WI,Wisconsin,Walworth,55127,105822,11,1.0,-0.6944005355782348,2369.0,19.891745602165088,Very Low,False,False,False
2023,NC,North Carolina,Henderson,37089,119230,11,1.0,-0.6948373418807381,2370.0,19.85791610284168,Very Low,False,False,False
2023,GA,Georgia,DeKalb,13089,762992,11,1.0,-0.6989335971295664,2371.0,19.824086603518268,Very Low,False,False,False
2023,MT,Montana,Beaverhead,30001,9885,11,1.0,-0.6992590247209445,2372.0,19.790257104194858,Very Low,False,False,False
2023,NE,Nebraska,York,31185,14356,11,1.0,-0.699561654530156,2373.0,19.756427604871448,Very Low,False,False,False
2023,NE,Nebraska,Arthur,31005,412,11,1.0,-0.6998833829646889,2374.0,19.72259810554804,Very Low,False,False,False
2023,IL,Illinois,Jo Daviess,17085,21756,11,1.0,-0.7004712362169431,2375.0,19.688768606224627,Very Low,False,False,False
2023,MS,Mississippi,Madison,28089,112511,11,1.0,-0.7010635437740432,2376.0,19.654939106901217,Very Low,False,False,False
2023,NJ,New Jersey,Essex,34013,851117,11,1.0,-0.7011375960802118,2377.0,19.621109607577807,Very Low,False,False,False
2023,SC,South Carolina,York,45091,298320,11,1.0,-0.7014361447162476,2378.0,19.5872801082544,Very Low,False,False,False
2023,CO,Colorado,Kiowa,8061,1384,11,1.0,-0.7024762245522145,2379.0,19.553450608930987,Very Low,False,False,False
2023,ID,Idaho,Gem,16045,21071,11,1.0,-0.7034241371134035,2380.0,19.519621109607577,Very Low,False,False,False
2023,VT,Vermont,Franklin,50011,50994,11,1.0,-0.7035026851111125,2381.0,19.485791610284167,Very Low,False,False,False
2023,CA,California,Santa Barbara,6083,441257,11,1.0,-0.7037305088989452,2382.0,19.45196211096076,Very Low,False,False,False
2023,NY,New York,Wayne,36117,90829,11,1.0,-0.7042593466000013,2383.0,19.418132611637347,Very Low,False,False,False
2023,CT,Connecticut,Southeastern Connecticut,9180,279634,11,1.0,-0.7056065142012756,2384.0,19.384303112313937,Very Low,False,False,False
2023,ND,North Dakota,Pierce,38069,3902,11,1.0,-0.70585262741747,2385.0,19.350473612990527,Very Low,False,False,False
2023,ME,Maine,Lincoln,23015,36507,11,1.0,-0.7072688465747817,2386.0,19.31664411366712,Very Low,False,False,False
2023,NH,New Hampshire,Sullivan,33019,43969,11,1.0,-0.7074356088810883,2387.0,19.282814614343707,Very Low,False,False,False
2023,MD,Maryland,St. Mary's,24037,115281,11,1.0,-0.7076559014516577,2388.0,19.248985115020297,Very Low,False,False,False
2023,UT,Utah,Weber,49057,271926,11,1.0,-0.7077779050530003,2389.0,19.215155615696887,Very Low,False,False,False
2023,CO,Colorado,Huerfano,8055,7055,11,1.0,-0.7081567387589043,2390.0,19.18132611637348,Very Low,False,False,False
2023,ND,North Dakota,Dickey,38021,4900,11,1.0,-0.7088250272673726,2391.0,19.147496617050063,Very Low,False,False,False
2023,NC,North Carolina,Carteret,37031,69615,11,1.0,-0.7092351032000646,2392.0,19.113667117726656,Very Low,False,False,False
2023,NY,New York,Washington,36115,60047,11,1.0,-0.7102277698416618,2393.0,19.079837618403246,Very Low,False,False,False
2023,NJ,New Jersey,Atlantic,34001,275213,11,1.0,-0.7111482338821863,2394.0,19.04600811907984,Very Low,False,False,False
2023,TX,Texas,Roberts,48393,840,11,1.0,-0.7124165968967991,2395.0,19.01217861975643,Very Low,False,False,False
2023,NE,Nebraska,Holt,31089,10093,11,1.0,-0.7126649957017982,2396.0,18.978349120433016,Very Low,False,False,False
2023,KS,Kansas,Trego,20195,2731,11,1.0,-0.7128988937830368,2397.0,18.94451962110961,Very Low,False,False,False
2023,MT,Montana,Petroleum,30069,554,11,1.0,-0.7135432664680283,2398.0,18.9106901217862,Very Low,False,False,False
2023,MO,Missouri,St. Louis,29189,987059,11,1.0,-0.7137043756117932,2399.0,18.876860622462782,Very Low,False,False,False
2023,IA,Iowa,Guthrie,19077,10722,11,1.0,-0.7138407968496829,2400.0,18.84303112313938,Very Low,False,False,False
2023,MN,Minnesota,Isanti,27059,43182,11,1.0,-0.7146360895418352,2401.0,18.80920162381597,Very Low,False,False,False
2023,ID,Idaho,Custer,16037,4523,11,1.0,-0.7153076717365044,2402.0,18.77537212449256,Very Low,False,False,False
2023,MN,Minnesota,Lake of the Woods,27077,3778,11,1.0,-0.7153845662883435,2403.0,18.741542625169146,Very Low,False,False,False
2023,NE,Nebraska,Chase,31029,3724,11,1.0,-0.715590233583299,2404.0,18.707713125845736,Very Low,False,False,False
2023,OR,Oregon,Wallowa,41063,7674,11,1.0,-0.715860913049929,2405.0,18.67388362652233,Very Low,False,False,False
2023,MI,Michigan,Clinton,26037,79720,11,1.0,-0.7161184711653914,2406.0,18.64005412719892,Very Low,False,False,False
2023,NY,New York,Onondaga,36067,467873,11,1.0,-0.716611806343923,2407.0,18.606224627875505,Very Low,False,False,False
2023,CO,Colorado,Rio Grande,8105,11188,11,1.0,-0.7166472947369219,2408.0,18.572395128552092,Very Low,False,False,False
2023,MT,Montana,Carbon,30009,11419,11,1.0,-0.7167577210918163,2409.0,18.538565629228685,Very Low,False,False,False
2023,AK,Alaska,Ketchikan Gateway,2130,13738,11,1.0,-0.7174026471050217,2410.0,18.50473612990528,Very Low,False,False,False
2023,IA,Iowa,Polk,19153,505255,11,1.0,-0.7179813407339194,2411.0,18.47090663058187,Very Low,False,False,False
2023,MD,Maryland,Worcester,24047,54171,11,1.0,-0.7188664005838095,2412.0,18.43707713125846,Very Low,False,False,False
2023,NE,Nebraska,Platte,31141,34609,11,1.0,-0.7191960226938953,2413.0,18.403247631935045,Very Low,False,False,False
2023,CO,Colorado,Cheyenne,8017,1727,11,1.0,-0.7209539147190784,2414.0,18.369418132611635,Very Low,False,False,False
2023,TX,Texas,Kent,48263,734,11,1.0,-0.7212052638407092,2415.0,18.33558863328823,Very Low,False,False,False
2023,CA,California,Tuolumne,6109,54204,11,1.0,-0.7221280776463314,2416.0,18.30175913396482,Very Low,False,False,False
2023,IA,Iowa,Buchanan,19019,20691,11,1.0,-0.7221900840928283,2417.0,18.26792963464141,Very Low,False,False,False
2023,ID,Idaho,Fremont,16043,14196,11,1.0,-0.7223965502712129,2418.0,18.234100135317995,Very Low,False,False,False
2023,ME,Maine,York,23031,218586,11,1.0,-0.7226420769046774,2419.0,18.200270635994585,Very Low,False,False,False
2023,KS,Kansas,Thomas,20193,7865,11,1.0,-0.7246894988311594,2420.0,18.166441136671175,Very Low,False,False,False
2023,WA,Washington,Columbia,53013,4053,11,1.0,-0.7256106008219464,2421.0,18.132611637347768,Very Low,False,False,False
2023,MT,Montana,Dawson,30021,8810,11,1.0,-0.7264131463313572,2422.0,18.09878213802436,Very Low,False,False,False
2023,WI,Wisconsin,Iowa,55049,23956,11,1.0,-0.7267129271325365,2423.0,18.064952638700948,Very Low,False,False,False
2023,OH,Ohio,Medina,39103,184042,11,1.0,-0.7271115045178663,2424.0,18.03112313937753,Very Low,False,False,False
2023,MN,Minnesota,Lake,27075,10855,11,1.0,-0.7275002572631251,2425.0,17.997293640054128,Very Low,False,False,False
2023,ND,North Dakota,Hettinger,38041,2415,11,1.0,-0.7294741318649737,2426.0,17.963464140730718,Very Low,False,False,False
2023,NC,North Carolina,Iredell,37097,199710,11,1.0,-0.7295922671052114,2427.0,17.929634641407308,Very Low,False,False,False
2023,IA,Iowa,Benton,19011,25796,11,1.0,-0.7299723351577412,2428.0,17.895805142083898,Very Low,False,False,False
2023,FL,Florida,Pinellas,12103,961596,11,1.0,-0.7310746737610966,2429.0,17.861975642760484,Very Low,False,False,False
2023,NY,New York,Greene,36039,47062,11,1.0,-0.7314660817260045,2430.0,17.828146143437078,Very Low,False,False,False
2023,TX,Texas,Montgomery,48339,711354,11,1.0,-0.7321573641366573,2431.0,17.794316644113668,Very Low,False,False,False
2023,KS,Kansas,Wabaunsee,20197,7057,11,1.0,-0.7338950098835,2432.0,17.760487144790257,Very Low,False,False,False
2023,DE,Delaware,New Castle,10003,578592,11,1.0,-0.7362233537706455,2433.0,17.726657645466847,Very Low,False,False,False
2023,NE,Nebraska,Nuckolls,31129,4095,11,1.0,-0.7367956051027055,2434.0,17.692828146143437,Very Low,False,False,False
2023,ND,North Dakota,Divide,38023,2135,11,1.0,-0.7369630626631305,2435.0,17.658998646820027,Very Low,False,False,False
2023,SD,South Dakota,Minnehaha,46099,206930,11,1.0,-0.7373304674529081,2436.0,17.625169147496617,Very Low,False,False,False
2023,UT,Utah,Rich,49033,2670,11,1.0,-0.7389004727736203,2437.0,17.591339648173207,Very Low,False,False,False
2023,MT,Montana,Richland,30083,11173,11,1.0,-0.7389151003159916,2438.0,17.557510148849797,Very Low,False,False,False
2023,NC,North Carolina,Cabarrus,37025,240016,11,1.0,-0.7394961067505051,2439.0,17.523680649526387,Very Low,False,False,False
2023,WA,Washington,Lincoln,53043,11738,11,1.0,-0.7396429839384928,2440.0,17.489851150202977,Very Low,False,False,False
2023,MN,Minnesota,Steele,27147,37421,11,1.0,-0.73994338820731,2441.0,17.456021650879567,Very Low,False,False,False
2023,WA,Washington,Spokane,53063,551455,11,1.0,-0.7400431822551025,2442.0,17.422192151556157,Very Low,False,False,False
2023,MN,Minnesota,Crow Wing,27035,68304,11,1.0,-0.7405554847700887,2443.0,17.388362652232747,Very Low,False,False,False
2023,MI,Michigan,Grand Traverse,26055,96421,11,1.0,-0.7409211118566639,2444.0,17.354533152909337,Very Low,False,False,False
2023,NY,New York,Otsego,36077,60126,11,1.0,-0.7419777729102538,2445.0,17.320703653585927,Very Low,False,False,False
2023,UT,Utah,Tooele,49045,82051,11,1.0,-0.7423104929724095,2446.0,17.286874154262517,Very Low,False,False,False
2023,NE,Nebraska,Clay,31035,6116,11,1.0,-0.7423907094113374,2447.0,17.253044654939107,Very Low,False,False,False
2023,MN,Minnesota,Otter Tail,27111,60626,11,1.0,-0.7455774136274337,2448.0,17.219215155615696,Very Low,False,False,False
2023,WI,Wisconsin,Portage,55097,71024,11,1.0,-0.746261318980072,2449.0,17.185385656292286,Very Low,False,False,False
2023,IL,Illinois,Putnam,17155,5561,11,1.0,-0.7465824277850863,2450.0,17.151556156968876,Very Low,False,False,False
2023,CA,California,San Benito,6069,68175,11,1.0,-0.7467471801254413,2451.0,17.117726657645466,Very Low,False,False,False
2023,MI,Michigan,Midland,26111,84039,11,1.0,-0.7482458502992858,2452.0,17.083897158322056,Very Low,False,False,False
2023,ME,Maine,Sagadahoc,23023,37513,11,1.0,-0.7510740057433342,2453.0,17.050067658998646,Very Low,False,False,False
2023,VA,Virginia,Chesterfield,51041,383876,11,1.0,-0.7515777327401222,2454.0,17.016238159675236,Very Low,False,False,False
2023,SD,South Dakota,Yankton,46135,23517,11,1.0,-0.7537911803639097,2455.0,16.982408660351826,Very Low,False,False,False
2023,SD,South Dakota,Jerauld,46073,1660,11,1.0,-0.7538864132415973,2456.0,16.94857916102842,Very Low,False,False,False
2023,MN,Minnesota,Clay,27027,66258,11,1.0,-0.7544624175237975,2457.0,16.914749661705006,Very Low,False,False,False
2023,KS,Kansas,Sheridan,20179,2423,11,1.0,-0.7546401144259384,2458.0,16.880920162381596,Very Low,False,False,False
2023,ND,North Dakota,Richland,38077,16558,11,1.0,-0.7551374205210505,2459.0,16.847090663058186,Very Low,False,False,False
2023,SD,South Dakota,Pennington,46103,115903,11,1.0,-0.7555160304786654,2460.0,16.813261163734776,Very Low,False,False,False
2023,MN,Minnesota,Goodhue,27049,48035,11,1.0,-0.7560278162302513,2461.0,16.77943166441137,Very Low,False,False,False
2023,CA,California,Sacramento,6067,1584288,11,1.0,-0.7563085638715186,2462.0,16.745602165087956,Very Low,False,False,False
2023,MN,Minnesota,Kittson,27069,4060,11,1.0,-0.7574112931784824,2463.0,16.711772665764546,Very Low,False,False,False
2023,NY,New York,Tioga,36107,47715,11,1.0,-0.7578476861156731,2464.0,16.677943166441136,Very Low,False,False,False
2023,GA,Georgia,Dawson,13085,31732,11,1.0,-0.7579047697218869,2465.0,16.644113667117725,Very Low,False,False,False
2023,CT,Connecticut,Northeastern Connecticut,9150,96692,11,1.0,-0.7584732140114614,2466.0,16.61028416779432,Very Low,False,False,False
2023,NE,Nebraska,Custer,31041,10581,11,1.0,-0.7588833868208279,2467.0,16.57645466847091,Very Low,False,False,False
2023,NC,North Carolina,Durham,37063,336892,11,1.0,-0.7588884162707118,2468.0,16.542625169147495,Very Low,False,False,False
2023,RI,Rhode Island,Kent,44003,171278,11,1.0,-0.7588893745709776,2469.0,16.508795669824085,Very Low,False,False,False
2023,KS,Kansas,Greeley,20071,1181,11,1.0,-0.7589570433240727,2470.0,16.474966170500675,Very Low,False,False,False
2023,KS,Kansas,Leavenworth,20103,83518,11,1.0,-0.7601688772737543,2471.0,16.44113667117727,Very Low,False,False,False
2023,NC,North Carolina,Brunswick,37019,159964,11,1.0,-0.7624428286658843,2472.0,16.40730717185386,Very Low,False,False,False
2023,NY,New York,Essex,36031,36775,11,1.0,-0.762848777278192,2473.0,16.373477672530445,Very Low,False,False,False
2023,ID,Idaho,Bonneville,16019,131366,11,1.0,-0.7637514555886746,2474.0,16.339648173207035,Very Low,False,False,False
2023,NC,North Carolina,New Hanover,37129,238852,11,1.0,-0.7647420406127103,2475.0,16.305818673883625,Very Low,False,False,False
2023,IL,Illinois,Grundy,17063,53578,11,1.0,-0.7654753525772374,2476.0,16.27198917456022,Very Low,False,False,False
2023,MA,Massachusetts,Worcester,25027,866866,11,1.0,-0.7657192371100894,2477.0,16.23815967523681,Very Low,False,False,False
2023,NY,New York,Schoharie,36095,30105,11,1.0,-0.7657556436325148,2478.0,16.204330175913398,Very Low,False,False,False
2023,FL,Florida,Walton,12131,86354,11,1.0,-0.7661452762430183,2479.0,16.170500676589985,Very Low,False,False,False
2023,CO,Colorado,Montrose,8085,44156,11,1.0,-0.7670168332469597,2480.0,16.136671177266575,Very Low,False,False,False
2023,MN,Minnesota,Jackson,27063,9919,11,1.0,-0.7681724977210759,2481.0,16.102841677943168,Very Low,False,False,False
2023,NC,North Carolina,Camden,37029,11137,11,1.0,-0.7703657778808233,2482.0,16.069012178619758,Very Low,False,False,False
2023,TX,Texas,Blanco,48031,13048,11,1.0,-0.7706511925289633,2483.0,16.035182679296348,Very Low,False,False,False
2023,NE,Nebraska,Greeley,31077,2219,11,1.0,-0.7733803986697002,2484.0,16.001353179972934,Very Low,False,False,False
2023,VA,Virginia,Roanoke,51161,97026,11,1.0,-0.7747418027680748,2485.0,15.967523680649526,Very Low,False,False,False
2023,FL,Florida,Okaloosa,12091,218464,11,1.0,-0.7747460703701599,2486.0,15.933694181326116,Very Low,False,False,False
2023,MI,Michigan,Keweenaw,26083,2172,11,1.0,-0.7769608244445773,2487.0,15.899864682002708,Very Low,False,False,False
2023,WA,Washington,Klickitat,53039,23589,11,1.0,-0.776982955779104,2488.0,15.866035182679298,Very Low,False,False,False
2023,WI,Wisconsin,Columbia,55021,58091,11,1.0,-0.7772497108200088,2489.0,15.832205683355886,Very Low,False,False,False
2023,NE,Nebraska,Otoe,31131,16335,11,1.0,-0.7780773035245869,2490.0,15.798376184032476,Very Low,False,False,False
2023,NM,New Mexico,Taos,35055,34405,11,1.0,-0.7782637442789045,2491.0,15.764546684709066,Very Low,False,False,False
2023,ME,Maine,Hancock,23009,56526,11,1.0,-0.7795409559962263,2492.0,15.730717185385656,Very Low,False,False,False
2023,UT,Utah,Juab,49023,13023,11,1.0,-0.7804600715781812,2493.0,15.696887686062247,Very Low,False,False,False
2023,AZ,Arizona,Greenlee,4011,9369,11,1.0,-0.7810787157612359,2494.0,15.663058186738835,Very Low,False,False,False
2023,ND,North Dakota,Dunn,38025,4019,11,1.0,-0.7814707992589952,2495.0,15.629228687415424,Very Low,False,False,False
2023,IA,Iowa,Plymouth,19149,25722,11,1.0,-0.782228293947706,2496.0,15.595399188092015,Very Low,False,False,False
2023,VA,Virginia,Powhatan,51145,32105,11,1.0,-0.7825407458376059,2497.0,15.561569688768609,Very Low,False,False,False
2023,SD,South Dakota,Kingsbury,46077,5276,11,1.0,-0.7826593302852445,2498.0,15.527740189445195,Very Low,False,False,False
2023,NE,Nebraska,Dawes,31045,8133,11,1.0,-0.7843718644727016,2499.0,15.493910690121789,Very Low,False,False,False
2023,IA,Iowa,Linn,19113,228972,11,1.0,-0.7845225736815269,2500.0,15.460081190798377,Very Low,False,False,False
2023,SD,South Dakota,Marshall,46091,4390,11,1.0,-0.7854489549925403,2501.0,15.426251691474963,Very Low,False,False,False
2023,FL,Florida,Santa Rosa,12113,203162,11,1.0,-0.7854651761312959,2502.0,15.392422192151557,Very Low,False,False,False
2023,FL,Florida,Flagler,12035,131439,11,1.0,-0.7875251602713796,2503.0,15.358592692828148,Very Low,False,False,False
2023,WY,Wyoming,Lincoln,56023,20880,11,1.0,-0.7888982540542525,2504.0,15.324763193504737,Very Low,False,False,False
2023,NE,Nebraska,Fillmore,31059,5548,11,1.0,-0.7896636880769616,2505.0,15.290933694181328,Very Low,False,False,False
2023,GA,Georgia,Columbia,13073,165162,11,1.0,-0.791571682399177,2506.0,15.257104194857916,Very Low,False,False,False
2023,ND,North Dakota,Sargent,38081,3776,11,1.0,-0.7931599557809974,2507.0,15.223274695534506,Very Low,False,False,False
2023,CA,California,Los Angeles,6037,9663345,11,1.0,-0.7932588953903902,2508.0,15.189445196211096,Very Low,False,False,False
2023,NE,Nebraska,McPherson,31117,383,11,1.0,-0.794319863554264,2509.0,15.155615696887686,Very Low,False,False,False
2023,WI,Wisconsin,Outagamie,55087,193234,11,1.0,-0.7985144269713522,2510.0,15.121786197564276,Very Low,False,False,False
2023,MA,Massachusetts,Berkshire,25003,126818,11,1.0,-0.7987289418398489,2511.0,15.087956698240864,Very Low,False,False,False
2023,CA,California,Solano,6095,449218,11,1.0,-0.7991613929753787,2512.0,15.054127198917456,Very Low,False,False,False
2023,MI,Michigan,Emmet,26047,34123,11,1.0,-0.7997328762040558,2513.0,15.020297699594046,Very Low,False,False,False
2023,MT,Montana,McCone,30055,1676,11,1.0,-0.8003234037870935,2514.0,14.986468200270636,Very Low,False,False,False
2023,MN,Minnesota,Lac qui Parle,27073,6630,11,1.0,-0.8005323350472537,2515.0,14.952638700947226,Very Low,False,False,False
2023,WA,Washington,Clark,53011,521150,11,1.0,-0.8005523990471741,2516.0,14.918809201623818,Very Low,False,False,False
2023,NE,Nebraska,Keith,31101,8113,11,1.0,-0.8006909232544855,2517.0,14.884979702300406,Very Low,False,False,False
2023,WI,Wisconsin,Eau Claire,55035,107903,11,1.0,-0.8008905556376718,2518.0,14.851150202976996,Very Low,False,False,False
2023,KS,Kansas,Jefferson,20087,18327,11,1.0,-0.8026318249526668,2519.0,14.817320703653586,Very Low,False,False,False
2023,MT,Montana,Broadwater,30007,8032,11,1.0,-0.8026863936865015,2520.0,14.783491204330176,Very Low,False,False,False
2023,ND,North Dakota,Grand Forks,38035,72708,11,1.0,-0.8031911318484654,2521.0,14.749661705006767,Very Low,False,False,False
2023,IN,Indiana,Warrick,18173,65867,11,1.0,-0.8034434009174334,2522.0,14.715832205683355,Very Low,False,False,False
2023,MT,Montana,Powder River,30075,1743,11,1.0,-0.8040642672189304,2523.0,14.682002706359944,Very Low,False,False,False
2023,WA,Washington,Clallam,53009,77616,11,1.0,-0.8044138129307317,2524.0,14.648173207036535,Very Low,False,False,False
2023,NY,New York,Hamilton,36041,5082,11,1.0,-0.8052748891255557,2525.0,14.614343707713124,Very Low,False,False,False
2023,UT,Utah,Box Elder,49003,62684,11,1.0,-0.8060435962163144,2526.0,14.580514208389715,Very Low,False,False,False
2023,NC,North Carolina,Currituck,37053,31593,11,1.0,-0.806645992429701,2527.0,14.546684709066309,Very Low,False,False,False
2023,NM,New Mexico,Sandoval,35043,155936,11,1.0,-0.8071427962510264,2528.0,14.512855209742895,Very Low,False,False,False
2023,MN,Minnesota,Hubbard,27057,22132,11,1.0,-0.8083533158859258,2529.0,14.479025710419483,Very Low,False,False,False
2023,NE,Nebraska,Boone,31011,5310,11,1.0,-0.8094652741280304,2530.0,14.445196211096077,Very Low,False,False,False
2023,NV,Nevada,Washoe,32031,498022,11,1.0,-0.8110171083802021,2531.0,14.411366711772668,Very Low,False,False,False
2023,NC,North Carolina,Buncombe,37021,275901,11,1.0,-0.8125725468036022,2532.0,14.377537212449257,Very Low,False,False,False
2023,CO,Colorado,Weld,8123,359442,11,1.0,-0.8126065248118788,2533.0,14.343707713125845,Very Low,False,False,False
2023,NE,Nebraska,Polk,31143,5228,11,1.0,-0.8133284866888676,2534.0,14.309878213802437,Very Low,False,False,False
2023,SD,South Dakota,Turner,46125,9027,11,1.0,-0.8134130793111193,2535.0,14.276048714479025,Very Low,False,False,False
2023,TX,Texas,Brewster,48043,9513,11,1.0,-0.8138866092936516,2536.0,14.242219215155616,Very Low,False,False,False
2023,AK,Alaska,Kenai Peninsula,2122,61223,11,1.0,-0.8143718283523254,2537.0,14.208389715832206,Very Low,False,False,False
2023,SD,South Dakota,Hutchinson,46067,7394,11,1.0,-0.8144778794228771,2538.0,14.174560216508796,Very Low,False,False,False
2023,OR,Oregon,Hood River,41027,23745,11,1.0,-0.8149527354955399,2539.0,14.140730717185384,Very Low,False,False,False
2023,NE,Nebraska,Perkins,31135,2795,11,1.0,-0.8149962398510159,2540.0,14.106901217861974,Very Low,False,False,False
2023,MN,Minnesota,Anoka,27003,372441,11,1.0,-0.8150113858091456,2541.0,14.073071718538566,Very Low,False,False,False
2023,ID,Idaho,Bonner,16017,52547,11,1.0,-0.8164520030453464,2542.0,14.039242219215156,Very Low,False,False,False
2023,AZ,Arizona,Coconino,4005,144472,11,1.0,-0.8166197088000071,2543.0,14.005412719891746,Very Low,False,False,False
2023,IA,Iowa,Marion,19125,33770,11,1.0,-0.8199995043821843,2544.0,13.971583220568334,Very Low,False,False,False
2023,CA,California,Yolo,6113,220544,11,1.0,-0.8223812402313048,2545.0,13.937753721244924,Very Low,False,False,False
2023,ND,North Dakota,Steele,38091,1782,11,1.0,-0.8231950493627476,2546.0,13.903924221921516,Very Low,False,False,False
2023,ME,Maine,Knox,23013,40977,11,1.0,-0.8248304118982278,2547.0,13.870094722598106,Very Low,False,False,False
2023,CA,California,Inyo,6027,18527,11,1.0,-0.8249118413515361,2548.0,13.836265223274696,Very Low,False,False,False
2023,OH,Ohio,Geauga,39055,95407,11,1.0,-0.8270837165368856,2549.0,13.802435723951287,Very Low,False,False,False
2023,AK,Alaska,Anchorage,2020,286075,11,1.0,-0.827699807581686,2550.0,13.768606224627874,Very Low,False,False,False
2023,NY,New York,Madison,36053,66921,11,1.0,-0.8306039785244633,2551.0,13.734776725304464,Very Low,False,False,False
2023,ND,North Dakota,McLean,38055,9832,11,1.0,-0.8308621925185655,2552.0,13.700947225981055,Very Low,False,False,False
2023,NE,Nebraska,Frontier,31063,2585,11,1.0,-0.8328247683259208,2553.0,13.667117726657644,Very Low,False,False,False
2023,UT,Utah,Grand,49019,9706,11,1.0,-0.8329085977399793,2554.0,13.633288227334235,Very Low,False,False,False
2023,OH,Ohio,Union,39159,69637,11,1.0,-0.8343598836649921,2555.0,13.599458728010823,Very Low,False,False,False
2023,WA,Washington,Skagit,53057,131417,11,1.0,-0.8344563479458474,2556.0,13.565629228687415,Very Low,False,False,False
2023,NJ,New Jersey,Camden,34007,527196,11,1.0,-0.8349943474557139,2557.0,13.531799729364003,Very Low,False,False,False
2023,CT,Connecticut,South Central Connecticut,9170,568158,11,1.0,-0.8350764341721597,2558.0,13.497970230040597,Very Low,False,False,False
2023,WA,Washington,Benton,53005,215219,11,1.0,-0.835187389856971,2559.0,13.464140730717189,Very Low,False,False,False
2023,ND,North Dakota,Barnes,38003,10726,11,1.0,-0.8357973852845434,2560.0,13.430311231393777,Very Low,False,False,False
2023,NC,North Carolina,Union,37179,256452,11,1.0,-0.8359933269366823,2561.0,13.396481732070365,Very Low,False,False,False
2023,VT,Vermont,Bennington,50003,37183,11,1.0,-0.8369271018487354,2562.0,13.362652232746957,Very Low,False,False,False
2023,WA,Washington,Skamania,53059,12640,11,1.0,-0.837743879411393,2563.0,13.328822733423545,Very Low,False,False,False
2023,ND,North Dakota,Stark,38089,33001,11,1.0,-0.8408678972167061,2564.0,13.294993234100136,Very Low,False,False,False
2023,MN,Minnesota,Nicollet,27103,34242,11,1.0,-0.8427226523827326,2565.0,13.261163734776726,Very Low,False,False,False
2023,IA,Iowa,Story,19169,98566,11,1.0,-0.843991531787563,2566.0,13.227334235453316,Very Low,False,False,False
2023,MN,Minnesota,Ramsey,27123,536075,11,1.0,-0.8460728207329757,2567.0,13.193504736129904,Very Low,False,False,False
2023,ID,Idaho,Oneida,16071,4953,11,1.0,-0.8477100340955779,2568.0,13.159675236806494,Very Low,False,False,False
2023,NY,New York,Orange,36071,407470,11,1.0,-0.8482872827626768,2569.0,13.125845737483086,Very Low,False,False,False
2023,NY,New York,Genesee,36037,57529,11,1.0,-0.8487753811711333,2570.0,13.092016238159676,Very Low,False,False,False
2023,TX,Texas,Glasscock,48173,1141,11,1.0,-0.8490913194434622,2571.0,13.058186738836266,Very Low,False,False,False
2023,NE,Nebraska,Harlan,31083,3045,11,1.0,-0.8490986811300977,2572.0,13.024357239512854,Very Low,False,False,False
2023,CT,Connecticut,Naugatuck Valley,9140,456128,11,1.0,-0.8495167682646542,2573.0,12.990527740189444,Very Low,False,False,False
2023,SD,South Dakota,Brown,46013,37733,11,1.0,-0.8507336725842009,2574.0,12.956698240866036,Very Low,False,False,False
2023,ND,North Dakota,LaMoure,38045,4096,11,1.0,-0.8512055040494917,2575.0,12.922868741542626,Very Low,False,False,False
2023,WI,Wisconsin,Pierce,55093,43026,11,1.0,-0.8512202078078572,2576.0,12.889039242219216,Very Low,False,False,False
2023,IL,Illinois,Calhoun,17013,4317,11,1.0,-0.852575012293089,2577.0,12.855209742895804,Very Low,False,False,False
2023,SD,South Dakota,Deuel,46039,4354,11,1.0,-0.8535918539988173,2578.0,12.821380243572394,Very Low,False,False,False
2023,VA,Virginia,New Kent,51127,26134,11,1.0,-0.8540777793968665,2579.0,12.787550744248986,Very Low,False,False,False
2023,OR,Oregon,Multnomah,41051,789698,11,1.0,-0.8546660344503301,2580.0,12.753721244925575,Very Low,False,False,False
2023,TX,Texas,Sterling,48431,1397,11,1.0,-0.8555300905066164,2581.0,12.719891745602164,Very Low,False,False,False
2023,VA,Virginia,Henrico,51087,334760,11,1.0,-0.8558053235090761,2582.0,12.686062246278755,Very Low,False,False,False
2023,WA,Washington,Chelan,53007,79997,11,1.0,-0.8580844828625296,2583.0,12.652232746955344,Very Low,False,False,False
2023,MI,Michigan,Ottawa,26139,303372,11,1.0,-0.8614982788178686,2584.0,12.618403247631935,Very Low,False,False,False
2023,KS,Kansas,Miami,20121,35320,11,1.0,-0.8619168910896353,2585.0,12.584573748308523,Very Low,False,False,False
2023,CO,Colorado,Mesa,8077,159681,11,1.0,-0.8619550369343213,2586.0,12.550744248985117,Very Low,False,False,False
2023,SD,South Dakota,Brookings,46011,35980,11,1.0,-0.8632224336787305,2587.0,12.516914749661709,Very Low,False,False,False
2023,HI,Hawaii,Hawaii,15001,207615,11,1.0,-0.8639856413571668,2588.0,12.483085250338297,Very Low,False,False,False
2023,CA,California,Amador,6005,41811,11,1.0,-0.8672856610426827,2589.0,12.449255751014883,Very Low,False,False,False
2023,SD,South Dakota,Hamlin,46057,6451,11,1.0,-0.8673237933821752,2590.0,12.415426251691477,Very Low,False,False,False
2023,IL,Illinois,McLean,17113,170441,11,1.0,-0.8673728683208117,2591.0,12.381596752368065,Very Low,False,False,False
2023,MN,Minnesota,Douglas,27041,39953,11,1.0,-0.8688855495779152,2592.0,12.347767253044656,Very Low,False,False,False
2023,KS,Kansas,Hodgeman,20083,1655,11,1.0,-0.8692810169237339,2593.0,12.313937753721245,Very Low,False,False,False
2023,WY,Wyoming,Albany,56001,38257,11,1.0,-0.8713245402540519,2594.0,12.280108254397836,Very Low,False,False,False
2023,ND,North Dakota,Renville,38075,2279,11,1.0,-0.8716934028971576,2595.0,12.246278755074425,Very Low,False,False,False
2023,KS,Kansas,Douglas,20045,120553,11,1.0,-0.875238287899225,2596.0,12.212449255751014,Very Low,False,False,False
2023,MT,Montana,Sweet Grass,30097,3763,11,1.0,-0.8755806737355672,2597.0,12.178619756427606,Very Low,False,False,False
2023,NC,North Carolina,Moore,37125,106898,11,1.0,-0.8758386918388029,2598.0,12.144790257104194,Very Low,False,False,False
2023,MN,Minnesota,Chisago,27025,58535,11,1.0,-0.8758538149078365,2599.0,12.110960757780784,Very Low,False,False,False
2023,IA,Iowa,Mills,19129,14633,11,1.0,-0.8780342264397472,2600.0,12.077131258457374,Very Low,False,False,False
2023,MT,Montana,Park,30067,17903,11,1.0,-0.8792026345735483,2601.0,12.043301759133964,Very Low,False,False,False
2023,SD,South Dakota,Edmunds,46045,4057,11,1.0,-0.879483856022268,2602.0,12.009472259810556,Very Low,False,False,False
2023,IA,Iowa,Sioux,19167,36246,11,1.0,-0.8795164005750596,2603.0,11.975642760487144,Very Low,False,False,False
2023,NE,Nebraska,Buffalo,31019,50697,11,1.0,-0.8799243823707705,2604.0,11.941813261163734,Very Low,False,False,False
2023,MN,Minnesota,Wabasha,27157,21683,11,1.0,-0.8802110612335386,2605.0,11.907983761840326,Very Low,False,False,False
2023,GA,Georgia,Bryan,13029,49739,11,1.0,-0.880549472506711,2606.0,11.874154262516914,Very Low,False,False,False
2023,UT,Utah,Kane,49025,8425,11,1.0,-0.8815905960802858,2607.0,11.840324763193506,Very Low,False,False,False
2023,NE,Nebraska,Rock,31149,1271,11,1.0,-0.8831155327726925,2608.0,11.806495263870096,Very Low,False,False,False
2023,ND,North Dakota,Bottineau,38009,6349,11,1.0,-0.8836320354688021,2609.0,11.772665764546684,Very Low,False,False,False
2023,NY,New York,Erie,36029,946147,11,1.0,-0.8838538702117826,2610.0,11.738836265223275,Very Low,False,False,False
2023,IL,Illinois,Will,17197,700728,11,1.0,-0.8859206898529556,2611.0,11.705006765899864,Very Low,False,False,False
2023,GA,Georgia,Cherokee,13057,286602,11,1.0,-0.8885503507772113,2612.0,11.671177266576455,Very Low,False,False,False
2023,IN,Indiana,Hendricks,18063,186387,11,1.0,-0.888882288432173,2613.0,11.637347767253043,Very Low,False,False,False
2023,NE,Nebraska,Howard,31093,6527,11,1.0,-0.8896013147272733,2614.0,11.603518267929632,Very Low,False,False,False
2023,TX,Texas,Terrell,48443,687,11,1.0,-0.8899199663733266,2615.0,11.569688768606223,Very Low,False,False,False
2023,CO,Colorado,Washington,8121,4855,11,1.0,-0.8905037513957658,2616.0,11.535859269282817,Very Low,False,False,False
2023,NE,Nebraska,Butler,31023,8459,11,1.0,-0.8907320436437356,2617.0,11.502029769959403,Very Low,False,False,False
2023,ID,Idaho,Jefferson,16051,34198,11,1.0,-0.8911388483606508,2618.0,11.468200270635997,Very Low,False,False,False
2023,NC,North Carolina,Chatham,37037,81624,11,1.0,-0.8914926710637993,2619.0,11.434370771312585,Very Low,False,False,False
2023,ND,North Dakota,Nelson,38063,2991,11,1.0,-0.8931729569758615,2620.0,11.400541271989177,Very Low,False,False,False
2023,ND,North Dakota,Billings,38007,1034,11,1.0,-0.8938845702066267,2621.0,11.366711772665765,Very Low,False,False,False
2023,NY,New York,Livingston,36051,61158,11,1.0,-0.8943976866299141,2622.0,11.332882273342356,Very Low,False,False,False
2023,GA,Georgia,Harris,13145,36654,11,1.0,-0.8944538499952887,2623.0,11.299052774018945,Very Low,False,False,False
2023,SD,South Dakota,Campbell,46021,1340,11,1.0,-0.8958188028097589,2624.0,11.265223274695536,Very Low,False,False,False
2023,CA,California,Mono,6051,13066,11,1.0,-0.8961482818692335,2625.0,11.231393775372124,Very Low,False,False,False
2023,MD,Maryland,Talbot,24041,37823,11,1.0,-0.8961558646971471,2626.0,11.197564276048714,Very Low,False,False,False
2023,CT,Connecticut,Greater Bridgeport,9120,327651,11,1.0,-0.8971633285685414,2627.0,11.163734776725304,Very Low,False,False,False
2023,AK,Alaska,Fairbanks North Star,2090,94840,11,1.0,-0.8972452924798489,2628.0,11.129905277401894,Very Low,False,False,False
2023,IA,Iowa,Grundy,19075,12384,11,1.0,-0.8975057253364376,2629.0,11.096075778078484,Very Low,False,False,False
2023,MO,Missouri,Platte,29165,111940,11,1.0,-0.8980483266701381,2630.0,11.062246278755074,Very Low,False,False,False
2023,NY,New York,Monroe,36055,748482,11,1.0,-0.9000121296572581,2631.0,11.028416779431664,Very Low,False,False,False
2023,IL,Illinois,Woodford,17203,38285,11,1.0,-0.9012576913096304,2632.0,10.994587280108254,Very Low,False,False,False
2023,ND,North Dakota,Bowman,38011,2867,11,1.0,-0.9024751123751312,2633.0,10.960757780784844,Very Low,False,False,False
2023,CT,Connecticut,Capitol,9110,975328,11,1.0,-0.9034144868765368,2634.0,10.926928281461434,Very Low,False,False,False
2023,MN,Minnesota,Le Sueur,27079,29255,11,1.0,-0.90776561673148,2635.0,10.893098782138026,Very Low,False,False,False
2023,NE,Nebraska,Pierce,31139,7299,11,1.0,-0.9084812357868792,2636.0,10.859269282814614,Very Low,False,False,False
2023,IL,Illinois,Cook,17031,5087072,11,1.0,-0.909843200615742,2637.0,10.825439783491204,Very Low,False,False,False
2023,MN,Minnesota,Sherburne,27141,102206,11,1.0,-0.9106124466762612,2638.0,10.791610284167795,Very Low,False,False,False
2023,SD,South Dakota,Moody,46101,6450,11,1.0,-0.9106584618521768,2639.0,10.757780784844384,Very Low,False,False,False
2023,SD,South Dakota,Potter,46107,2413,11,1.0,-0.9114303992636934,2640.0,10.723951285520975,Very Low,False,False,False
2023,FL,Florida,Palm Beach,12099,1533801,11,1.0,-0.9115024677546288,2641.0,10.690121786197563,Very Low,False,False,False
2023,OR,Oregon,Clackamas,41005,423173,11,1.0,-0.9139687261686512,2642.0,10.656292286874152,Very Low,False,False,False
2023,NE,Nebraska,Stanton,31167,5856,11,1.0,-0.9143116927310722,2643.0,10.622462787550743,Very Low,False,False,False
2023,FL,Florida,Indian River,12061,169795,11,1.0,-0.9149121035427608,2644.0,10.588633288227332,Very Low,False,False,False
2023,VA,Virginia,Clarke,51043,15466,11,1.0,-0.915717244819488,2645.0,10.554803788903923,Very Low,False,False,False
2023,SD,South Dakota,Meade,46093,30954,11,1.0,-0.9157437842587892,2646.0,10.520974289580517,Very Low,False,False,False
2023,VT,Vermont,Orange,50017,29943,11,1.0,-0.9175510008076389,2647.0,10.487144790257105,Very Low,False,False,False
2023,UT,Utah,Washington,49053,202452,11,1.0,-0.9177018081089304,2648.0,10.453315290933697,Very Low,False,False,False
2023,WY,Wyoming,Sheridan,56033,32519,11,1.0,-0.921166590549116,2649.0,10.419485791610285,Very Low,False,False,False
2023,WI,Wisconsin,Door,55029,30562,11,1.0,-0.9222157624415928,2650.0,10.385656292286876,Very Low,False,False,False
2023,AK,Alaska,Aleutians West,2016,5160,11,1.0,-0.9226010951573004,2651.0,10.351826792963465,Very Low,False,False,False
2023,VA,Virginia,Stafford,51179,165428,11,1.0,-0.9229195387987432,2652.0,10.317997293640053,Very Low,False,False,False
2023,ID,Idaho,Camas,16025,1232,11,1.0,-0.9248720653834508,2653.0,10.284167794316645,Very Low,False,False,False
2023,SD,South Dakota,Lawrence,46081,28053,11,1.0,-0.9249995728810464,2654.0,10.250338294993234,Very Low,False,False,False
2023,VA,Virginia,Prince William,51153,489640,11,1.0,-0.9250526090378872,2655.0,10.216508795669824,Very Low,False,False,False
2023,FL,Florida,Nassau,12089,101501,11,1.0,-0.9261164602170132,2656.0,10.182679296346414,Very Low,False,False,False
2023,WY,Wyoming,Crook,56011,7592,11,1.0,-0.9262278630702884,2657.0,10.148849797023004,Very Low,False,False,False
2023,MA,Massachusetts,Franklin,25011,70836,11,1.0,-0.9279189632944146,2658.0,10.115020297699594,Very Low,False,False,False
2023,WY,Wyoming,Park,56029,30735,11,1.0,-0.9297086794758292,2659.0,10.081190798376184,Very Low,False,False,False
2023,ND,North Dakota,Foster,38031,3309,11,1.0,-0.9303681445093218,2660.0,10.047361299052774,Very Low,False,False,False
2023,AK,Alaska,Petersburg,2195,3427,11,1.0,-0.930782564939422,2661.0,10.013531799729364,Very Low,False,False,False
2023,IA,Iowa,Madison,19121,16971,11,1.0,-0.9308696927214224,2662.0,9.979702300405954,Very Low,False,False,False
2023,KS,Kansas,Pottawatomie,20149,26382,11,1.0,-0.9331938622193018,2663.0,9.945872801082544,Very Low,False,False,False
2023,NE,Nebraska,Douglas,31055,589540,11,1.0,-0.9355663730802994,2664.0,9.912043301759134,Very Low,False,False,False
2023,IA,Iowa,Bremer,19017,25307,11,1.0,-0.937658128671519,2665.0,9.878213802435724,Very Low,False,False,False
2023,ID,Idaho,Latah,16057,41301,11,1.0,-0.9387067237654724,2666.0,9.844384303112314,Very Low,False,False,False
2023,ID,Idaho,Kootenai,16055,185010,11,1.0,-0.939626290921677,2667.0,9.810554803788904,Very Low,False,False,False
2023,MD,Maryland,Harford,24025,264644,11,1.0,-0.940753022236724,2668.0,9.776725304465494,Very Low,False,False,False
2023,IA,Iowa,Dickinson,19059,18056,11,1.0,-0.9409532163202956,2669.0,9.742895805142084,Very Low,False,False,False
2023,MA,Massachusetts,Suffolk,25025,768425,11,1.0,-0.9415950881642012,2670.0,9.709066305818672,Very Low,False,False,False
2023,IA,Iowa,Dubuque,19061,98887,11,1.0,-0.9421009380487624,2671.0,9.675236806495263,Very Low,False,False,False
2023,NV,Nevada,Storey,32029,4177,11,1.0,-0.9428699831078468,2672.0,9.641407307171852,Very Low,False,False,False
2023,OR,Oregon,Benton,41003,97713,11,1.0,-0.9434234687786784,2673.0,9.607577807848443,Very Low,False,False,False
2023,WA,Washington,Thurston,53067,299003,11,1.0,-0.9461025474847808,2674.0,9.573748308525031,Very Low,False,False,False
2023,WA,Washington,Garfield,53023,2363,11,1.0,-0.9469136274681272,2675.0,9.539918809201623,Very Low,False,False,False
2023,MT,Montana,Stillwater,30095,9173,11,1.0,-0.9474350770402896,2676.0,9.506089309878217,Very Low,False,False,False
2023,NH,New Hampshire,Strafford,33017,133243,11,1.0,-0.9483449488466836,2677.0,9.472259810554805,Very Low,False,False,False
2023,NY,New York,Rockland,36087,340807,11,1.0,-0.9487376645868962,2678.0,9.438430311231391,Very Low,False,False,False
2023,AK,Alaska,Skagway,2230,1095,11,1.0,-0.9506797691849792,2679.0,9.404600811907985,Very Low,False,False,False
2023,MN,Minnesota,Houston,27055,18582,11,1.0,-0.9511441179251778,2680.0,9.370771312584573,Very Low,False,False,False
2023,MT,Montana,Ravalli,30081,47738,11,1.0,-0.9523034139931214,2681.0,9.336941813261165,Very Low,False,False,False
2023,NE,Nebraska,Gosper,31073,1847,11,1.0,-0.9548981226037808,2682.0,9.303112313937753,Very Low,False,False,False
2023,SD,South Dakota,McCook,46087,5809,11,1.0,-0.9555164374713488,2683.0,9.269282814614344,Very Low,False,False,False
2023,CO,Colorado,Rio Blanco,8103,6569,11,1.0,-0.9560568285125228,2684.0,9.235453315290934,Very Low,False,False,False
2023,NY,New York,Schenectady,36093,159902,11,1.0,-0.9561358369142172,2685.0,9.201623815967524,Very Low,False,False,False
2023,NC,North Carolina,Mecklenburg,37119,1163701,11,1.0,-0.9610226236174622,2686.0,9.167794316644114,Very Low,False,False,False
2023,AK,Alaska,Kodiak Island,2150,12565,11,1.0,-0.9612507751729084,2687.0,9.133964817320704,Very Low,False,False,False
2023,ND,North Dakota,Cavalier,38019,3596,11,1.0,-0.9644582607811768,2688.0,9.100135317997292,Very Low,False,False,False
2023,SD,South Dakota,Sully,46119,1494,11,1.0,-0.9645202239451284,2689.0,9.066305818673884,Very Low,False,False,False
2023,NE,Nebraska,Banner,31007,674,11,1.0,-0.9657333558300132,2690.0,9.032476319350474,Very Low,False,False,False
2023,IL,Illinois,Piatt,17147,16714,11,1.0,-0.9679309021925828,2691.0,8.998646820027064,Very Low,False,False,False
2023,IL,Illinois,Kane,17089,514982,11,1.0,-0.9683026272890506,2692.0,8.964817320703654,Very Low,False,False,False
2023,AZ,Arizona,Yavapai,4025,249081,11,1.0,-0.9720375251464788,2693.0,8.930987821380242,Very Low,False,False,False
2023,NY,New York,Ulster,36111,182333,11,1.0,-0.9745645042268004,2694.0,8.897158322056834,Very Low,False,False,False
2023,UT,Utah,Cache,49005,142393,11,1.0,-0.9748589021542794,2695.0,8.863328822733424,Very Low,False,False,False
2023,NY,New York,Kings,36047,2561225,11,1.0,-0.9774208141765008,2696.0,8.829499323410014,Very Low,False,False,False
2023,UT,Utah,Garfield,49017,5314,11,1.0,-0.977810780592339,2697.0,8.795669824086604,Very Low,False,False,False
2023,ND,North Dakota,Morton,38059,33895,11,1.0,-0.9781093899193304,2698.0,8.761840324763194,Very Low,False,False,False
2023,MN,Minnesota,Cook,27031,5639,11,1.0,-0.978721650859648,2699.0,8.728010825439783,Very Low,False,False,False
2023,WA,Washington,Whatcom,53073,231919,11,1.0,-0.9805845931991864,2700.0,8.694181326116373,Very Low,False,False,False
2023,FL,Florida,Martin,12085,163315,11,1.0,-0.983031618341803,2701.0,8.660351826792963,Very Low,False,False,False
2023,IA,Iowa,Winneshiek,19191,19815,11,1.0,-0.9859862068777152,2702.0,8.626522327469553,Very Low,False,False,False
2023,NJ,New Jersey,Union,34039,572726,11,1.0,-0.986594500535254,2703.0,8.592692828146143,Very Low,False,False,False
2023,ND,North Dakota,Griggs,38039,2248,11,1.0,-0.9866895675368552,2704.0,8.558863328822733,Very Low,False,False,False
2023,WY,Wyoming,Sublette,56035,8969,11,1.0,-0.987007310206295,2705.0,8.525033829499323,Very Low,False,False,False
2023,SD,South Dakota,Custer,46033,9117,11,1.0,-0.987066910014456,2706.0,8.491204330175913,Very Low,False,False,False
2023,UT,Utah,Beaver,49001,7233,11,1.0,-0.988777432155267,2707.0,8.457374830852503,Very Low,False,False,False
2023,MT,Montana,Flathead,30029,113679,11,1.0,-0.9899606413410852,2708.0,8.423545331529093,Very Low,False,False,False
2023,NE,Nebraska,Grant,31075,565,11,1.0,-0.9926059900602408,2709.0,8.389715832205685,Very Low,False,False,False
2023,NJ,New Jersey,Gloucester,34015,308423,11,1.0,-0.993594482465698,2710.0,8.355886332882273,Very Low,False,False,False
2023,VA,Virginia,Fauquier,51061,75165,11,1.0,-0.9964821941341604,2711.0,8.322056833558863,Very Low,False,False,False
2023,MT,Montana,Jefferson,30043,13048,11,1.0,-0.999406212628506,2712.0,8.288227334235454,Very Low,False,False,False
2023,NE,Nebraska,Garfield,31071,1763,11,1.0,-0.9998652216323156,2713.0,8.254397834912043,Very Low,False,False,False
2023,TX,Texas,Comal,48091,193928,11,1.0,-1.0001072716679829,2714.0,8.220568335588634,Very Low,False,False,False
2023,UT,Utah,Salt Lake,49035,1185813,11,1.0,-1.001356632254814,2715.0,8.186738836265222,Very Low,False,False,False
2023,WI,Wisconsin,Calumet,55015,53199,11,1.0,-1.0026663863645324,2716.0,8.152909336941812,Very Low,False,False,False
2023,MO,Missouri,St. Charles,29183,416659,11,1.0,-1.0068280150718198,2717.0,8.119079837618404,Very Low,False,False,False
2023,AL,Alabama,Shelby,1117,233000,11,1.0,-1.0092135930917667,2718.0,8.085250338294992,Very Low,False,False,False
2023,SD,South Dakota,Lake,46079,11031,11,1.0,-1.0102348905311027,2719.0,8.051420838971584,Very Low,False,False,False
2023,MT,Montana,Lewis and Clark,30049,75011,11,1.0,-1.0107877840770352,2720.0,8.017591339648174,Very Low,False,False,False
2023,NE,Nebraska,Lancaster,31109,326716,11,1.0,-1.0117891850793457,2721.0,7.983761840324763,Very Low,False,False,False
2023,NY,New York,Warren,36113,65380,11,1.0,-1.0122396307457453,2722.0,7.949932341001354,Very Low,False,False,False
2023,MD,Maryland,Carroll,24013,176639,11,1.0,-1.0124544815130427,2723.0,7.916102841677943,Very Low,False,False,False
2023,CA,California,Ventura,6111,829590,11,1.0,-1.0144402705928044,2724.0,7.882273342354533,Very Low,False,False,False
2023,ID,Idaho,Boise,16015,8517,11,1.0,-1.0145472026594642,2725.0,7.848443843031124,Very Low,False,False,False
2023,FL,Florida,Sumter,12119,151565,11,1.0,-1.0155780639368033,2726.0,7.814614343707713,Very Low,False,False,False
2023,NJ,New Jersey,Ocean,34029,659197,11,1.0,-1.0160518614857643,2727.0,7.780784844384303,Very Low,False,False,False
2023,ND,North Dakota,Ward,38101,68332,11,1.0,-1.0174356080354094,2728.0,7.746955345060893,Very Low,False,False,False
2023,CO,Colorado,El Paso,8041,744215,11,1.0,-1.0217374651503417,2729.0,7.713125845737482,Very Low,False,False,False
2023,NE,Nebraska,Loup,31115,592,11,1.0,-1.023680582840253,2730.0,7.679296346414073,Very Low,False,False,False
2023,SD,South Dakota,Hand,46059,3107,11,1.0,-1.026192747561115,2731.0,7.645466847090663,Very Low,False,False,False
2023,NE,Nebraska,Wheeler,31183,775,11,1.0,-1.0263069196210852,2732.0,7.611637347767253,Very Low,False,False,False
2023,FL,Florida,Sarasota,12115,469013,11,1.0,-1.0269063154408615,2733.0,7.577807848443843,Very Low,False,False,False
2023,CA,California,San Luis Obispo,6079,281639,11,1.0,-1.027377184241383,2734.0,7.543978349120432,Very Low,False,False,False
2023,MD,Maryland,Queen Anne's,24035,52508,11,1.0,-1.0298854346877735,2735.0,7.510148849797023,Very Low,False,False,False
2023,CA,California,Napa,6055,133216,11,1.0,-1.0300511765330056,2736.0,7.476319350473613,Very Low,False,False,False
2023,CA,California,Santa Cruz,6087,261547,11,1.0,-1.0302027348820255,2737.0,7.442489851150203,Very Low,False,False,False
2023,MN,Minnesota,Dodge,27039,21088,11,1.0,-1.031354288446722,2738.0,7.408660351826793,Very Low,False,False,False
2023,NE,Nebraska,Cass,31025,27446,11,1.0,-1.034743638233481,2739.0,7.374830852503384,Very Low,False,False,False
2023,NH,New Hampshire,Cheshire,33005,77703,11,1.0,-1.035278681879913,2740.0,7.341001353179973,Very Low,False,False,False
2023,FL,Florida,Collier,12021,404310,11,1.0,-1.036444413810777,2741.0,7.307171853856563,Very Low,False,False,False
2023,IA,Iowa,Warren,19181,55205,11,1.0,-1.0392259152231886,2742.0,7.2733423545331535,Very Low,False,False,False
2023,NY,New York,Columbia,36021,60470,11,1.0,-1.0398811211350292,2743.0,7.2395128552097425,Very Low,False,False,False
2023,FL,Florida,Monroe,12087,80614,11,1.0,-1.0404768292784143,2744.0,7.205683355886333,Very Low,False,False,False
2023,VA,Virginia,Hanover,51085,114148,11,1.0,-1.0423837540026597,2745.0,7.171853856562922,Very Low,False,False,False
2023,CA,California,Nevada,6057,102037,11,1.0,-1.0434633749135456,2746.0,7.138024357239512,Very Low,False,False,False
2023,NE,Nebraska,Cedar,31027,8262,11,1.0,-1.0435800941029454,2747.0,7.104194857916103,Very Low,False,False,False
2023,MD,Maryland,Calvert,24009,94728,11,1.0,-1.0443497233270276,2748.0,7.070365358592692,Very Low,False,False,False
2023,ND,North Dakota,Traill,38097,7908,11,1.0,-1.0443608590518811,2749.0,7.036535859269283,Very Low,False,False,False
2023,ND,North Dakota,Burke,38013,2134,11,1.0,-1.044576574068518,2750.0,7.002706359945873,Very Low,False,False,False
2023,NH,New Hampshire,Belknap,33001,65027,11,1.0,-1.0459697973692812,2751.0,6.968876860622462,Very Low,False,False,False
2023,AK,Alaska,Juneau,2110,31555,11,1.0,-1.048471898402947,2752.0,6.935047361299053,Very Low,False,False,False
2023,NY,New York,Rensselaer,36083,159305,11,1.0,-1.052302340273147,2753.0,6.901217861975644,Very Low,False,False,False
2023,AK,Alaska,Denali,2068,1584,11,1.0,-1.053386176923938,2754.0,6.867388362652233,Very Low,False,False,False
2023,IA,Iowa,Johnson,19103,157528,11,1.0,-1.05454667137391,2755.0,6.833558863328823,Very Low,False,False,False
2023,AZ,Arizona,Maricopa,4013,4585871,11,1.0,-1.0576214729340454,2756.0,6.799729364005412,Very Low,False,False,False
2023,MA,Massachusetts,Essex,25009,810089,11,1.0,-1.0585103781582987,2757.0,6.7658998646820026,Very Low,False,False,False
2023,NJ,New Jersey,Cape May,34009,94610,11,1.0,-1.0607184725022327,2758.0,6.732070365358593,Very Low,False,False,False
2023,SD,South Dakota,Hughes,46065,17624,11,1.0,-1.0672954373327672,2759.0,6.698240866035182,Very Low,False,False,False
2023,AK,Alaska,Chugach,2063,6769,11,1.0,-1.0679713343214825,2760.0,6.664411366711772,Very Low,False,False,False
2023,NE,Nebraska,Hamilton,31081,9537,11,1.0,-1.0690222211021023,2761.0,6.630581867388363,Very Low,False,False,False
2023,NY,New York,Queens,36081,2252196,11,1.0,-1.0727134497474833,2762.0,6.596752368064952,Very Low,False,False,False
2023,VT,Vermont,Windham,50025,45966,11,1.0,-1.0743891473490033,2763.0,6.562922868741543,Very Low,False,False,False
2023,NC,North Carolina,Dare,37055,38110,11,1.0,-1.0750150910784209,2764.0,6.529093369418133,Very Low,False,False,False
2023,MA,Massachusetts,Plymouth,25023,535308,11,1.0,-1.0767660699309165,2765.0,6.495263870094722,Very Low,False,False,False
2023,NY,New York,Richmond,36085,490687,11,1.0,-1.0771057143111362,2766.0,6.461434370771313,Very Low,False,False,False
2023,AK,Alaska,Haines,2100,2070,11,1.0,-1.0772465073798445,2767.0,6.427604871447902,Very Low,False,False,False
2023,WI,Wisconsin,Washington,55131,138168,11,1.0,-1.0781773471251694,2768.0,6.393775372124493,Very Low,False,False,False
2023,CO,Colorado,Custer,8027,5534,11,1.0,-1.0783278067313162,2769.0,6.359945872801083,Very Low,False,False,False
2023,VA,Virginia,Poquoson,51735,12635,11,1.0,-1.0817331428394648,2770.0,6.326116373477672,Very Low,False,False,False
2023,IL,Illinois,McHenry,17111,312800,11,1.0,-1.086430694383211,2771.0,6.292286874154263,Very Low,False,False,False
2023,ND,North Dakota,Oliver,38065,1879,11,1.0,-1.088849941390121,2772.0,6.258457374830853,Very Low,False,False,False
2023,WI,Wisconsin,St. Croix,55109,96763,11,1.0,-1.089276357175598,2773.0,6.2246278755074425,Very Low,False,False,False
2023,SD,South Dakota,Stanley,46117,3043,11,1.0,-1.0926251869954242,2774.0,6.190798376184032,Very Low,False,False,False
2023,CA,California,Alpine,6003,1141,11,1.0,-1.0953585711825555,2775.0,6.156968876860622,Very Low,False,False,False
2023,NE,Nebraska,Seward,31159,17671,11,1.0,-1.097142447045239,2776.0,6.123139377537212,Very Low,False,False,False
2023,OR,Oregon,Washington,41067,598865,11,1.0,-1.0973999842197644,2777.0,6.089309878213803,Very Low,False,False,False
2023,NV,Nevada,Douglas,32005,49545,11,1.0,-1.098101356606802,2778.0,6.055480378890392,Very Low,False,False,False
2023,MN,Minnesota,Wright,27171,151150,11,1.0,-1.099154038737122,2779.0,6.021650879566982,Very Low,False,False,False
2023,TX,Texas,Kendall,48259,50537,11,1.0,-1.0997941990227664,2780.0,5.987821380243572,Very Low,False,False,False
2023,SC,South Carolina,Charleston,45019,424367,11,1.0,-1.1045891437801734,2781.0,5.953991880920163,Very Low,False,False,False
2023,NJ,New Jersey,Hudson,34017,705472,11,1.0,-1.1051460744888462,2782.0,5.920162381596753,Very Low,False,False,False
2023,NJ,New Jersey,Warren,34041,111252,11,1.0,-1.105626294718322,2783.0,5.886332882273342,Very Low,False,False,False
2023,NE,Nebraska,Logan,31113,655,11,1.0,-1.106569445164167,2784.0,5.852503382949932,Very Low,False,False,False
2023,WA,Washington,Kitsap,53035,277658,11,1.0,-1.1072299245389463,2785.0,5.818673883626523,Very Low,False,False,False
2023,IL,Illinois,Kendall,17093,139976,11,1.0,-1.108790148611104,2786.0,5.7848443843031125,Very Low,False,False,False
2023,MI,Michigan,Livingston,26093,196757,11,1.0,-1.108849390812939,2787.0,5.751014884979703,Very Low,False,False,False
2023,MT,Montana,Madison,30057,9521,11,1.0,-1.110784517828101,2788.0,5.717185385656292,Very Low,False,False,False
2023,OH,Ohio,Warren,39165,252148,11,1.0,-1.1118060813874076,2789.0,5.683355886332882,Very Low,False,False,False
2023,SD,South Dakota,Harding,46063,1324,11,1.0,-1.11227189907494,2790.0,5.649526387009472,Very Low,False,False,False
2023,CT,Connecticut,Northwest Hills,9160,113463,11,1.0,-1.1123389433227364,2791.0,5.615696887686062,Very Low,False,False,False
2023,TX,Texas,Denton,48121,1007703,11,1.0,-1.114940006050678,2792.0,5.581867388362652,Very Low,False,False,False
2023,MT,Montana,Missoula,30063,121849,11,1.0,-1.1153331474210058,2793.0,5.548037889039242,Very Low,False,False,False
2023,TX,Texas,Rockwall,48397,131307,11,1.0,-1.1155700109707034,2794.0,5.514208389715832,Very Low,False,False,False
2023,UT,Utah,Davis,49011,373207,11,1.0,-1.1176570696839436,2795.0,5.480378890392422,Very Low,False,False,False
2023,AK,Alaska,Sitka,2220,8282,11,1.0,-1.1228414949235723,2796.0,5.446549391069013,Very Low,False,False,False
2023,TX,Texas,Williamson,48491,697191,11,1.0,-1.1266162748709976,2797.0,5.412719891745602,Very Low,False,False,False
2023,NE,Nebraska,Thomas,31171,677,11,1.0,-1.127729270629014,2798.0,5.378890392422192,Very Low,False,False,False
2023,CO,Colorado,Archuleta,8007,14189,11,1.0,-1.130869586520194,2799.0,5.345060893098782,Very Low,False,False,False
2023,GA,Georgia,Fulton,13121,1079105,11,1.0,-1.132431397847676,2800.0,5.311231393775373,Very Low,False,False,False
2023,MI,Michigan,Leelanau,26089,23019,11,1.0,-1.1337428187431096,2801.0,5.2774018944519625,Very Low,False,False,False
2023,CA,California,Sonoma,6097,481812,11,1.0,-1.135744490240236,2802.0,5.243572395128552,Very Low,False,False,False
2023,TX,Texas,Fort Bend,48157,916778,11,1.0,-1.136497955186295,2803.0,5.209742895805142,Very Low,False,False,False
2023,NE,Nebraska,Washington,31177,21152,11,1.0,-1.1385144496210322,2804.0,5.175913396481732,Very Low,False,False,False
2023,NH,New Hampshire,Merrimack,33013,157103,11,1.0,-1.1410973363506964,2805.0,5.142083897158322,Very Low,False,False,False
2023,MD,Maryland,Anne Arundel,24003,594582,11,1.0,-1.145058858708198,2806.0,5.108254397834912,Very Low,False,False,False
2023,TX,Texas,Travis,48453,1334961,11,1.0,-1.147325102640251,2807.0,5.074424898511502,Very Low,False,False,False
2023,FL,Florida,Seminole,12117,484271,11,1.0,-1.147413252549094,2808.0,5.040595399188092,Very Low,False,False,False
2023,GA,Georgia,Cobb,13067,776743,11,1.0,-1.1503968583771456,2809.0,5.006765899864682,Very Low,False,False,False
2023,VA,Virginia,James City,51095,82654,11,1.0,-1.1503972937446556,2810.0,4.972936400541272,Very Low,False,False,False
2023,VT,Vermont,Lamoille,50015,26060,11,1.0,-1.1545748952947,2811.0,4.939106901217862,Very Low,False,False,False
2023,NY,New York,Ontario,36069,112494,11,1.0,-1.1564070158674584,2812.0,4.905277401894452,Very Low,False,False,False
2023,NM,New Mexico,Santa Fe,35049,155956,11,1.0,-1.159025518280336,2813.0,4.871447902571042,Very Low,False,False,False
2023,MD,Maryland,Frederick,24021,293391,11,1.0,-1.1602473710955663,2814.0,4.837618403247632,Very Low,False,False,False
2023,NE,Nebraska,Kearney,31099,6770,11,1.0,-1.161550056186966,2815.0,4.803788903924222,Very Low,False,False,False
2023,NE,Nebraska,Saunders,31155,23463,11,1.0,-1.1616337765390468,2816.0,4.769959404600812,Very Low,False,False,False
2023,IN,Indiana,Boone,18011,76120,11,1.0,-1.1672977470508463,2817.0,4.7361299052774015,Very Low,False,False,False
2023,NH,New Hampshire,Hillsborough,33011,427354,11,1.0,-1.1733890850296391,2818.0,4.702300405953992,Very Low,False,False,False
2023,NY,New York,Albany,36001,316659,11,1.0,-1.1740337707025112,2819.0,4.668470906630582,Very Low,False,False,False
2023,CO,Colorado,Garfield,8045,62707,11,1.0,-1.1785281629567963,2820.0,4.634641407307171,Very Low,False,False,False
2023,WA,Washington,Jefferson,53031,33714,11,1.0,-1.180879720239956,2821.0,4.600811907983761,Very Low,False,False,False
2023,MN,Minnesota,Olmsted,27109,164784,11,1.0,-1.1820231692670602,2822.0,4.566982408660352,Very Low,False,False,False
2023,SC,South Carolina,Beaufort,45013,198979,11,1.0,-1.183426429161766,2823.0,4.533152909336942,Very Low,False,False,False
2023,NC,North Carolina,Orange,37135,150626,11,1.0,-1.1891592983696446,2824.0,4.499323410013532,Very Low,False,False,False
2023,ID,Idaho,Ada,16001,524673,11,1.0,-1.1965928987969434,2825.0,4.465493910690121,Very Low,False,False,False
2023,VT,Vermont,Windsor,50027,58101,11,1.0,-1.2031786799179949,2826.0,4.431664411366712,Very Low,False,False,False
2023,MI,Michigan,Washtenaw,26161,365536,11,1.0,-1.2040389640710834,2827.0,4.397834912043302,Very Low,False,False,False
2023,VT,Vermont,Grand Isle,50013,7467,11,1.0,-1.2056514004353511,2828.0,4.364005412719892,Very Low,False,False,False
2023,VA,Virginia,Goochland,51075,27197,11,1.0,-1.206923473577141,2829.0,4.330175913396482,Very Low,False,False,False
2023,OR,Oregon,Deschutes,41017,208513,11,1.0,-1.2125392028169644,2830.0,4.296346414073072,Very Low,False,False,False
2023,CA,California,San Diego,6073,3269973,11,1.0,-1.2137173243816175,2831.0,4.2625169147496615,Very Low,False,False,False
2023,IL,Illinois,Lake,17097,708760,11,1.0,-1.2157884245529216,2832.0,4.228687415426252,Very Low,False,False,False
2023,ND,North Dakota,Cass,38017,196362,11,1.0,-1.2225958640292858,2833.0,4.194857916102842,Very Low,False,False,False
2023,ME,Maine,Cumberland,23005,310230,11,1.0,-1.2226355957616326,2834.0,4.161028416779431,Very Low,False,False,False
2023,IL,Illinois,Monroe,17133,34957,11,1.0,-1.227680032107446,2835.0,4.127198917456021,Very Low,False,False,False
2023,GA,Georgia,Fayette,13113,123351,11,1.0,-1.2281162838752946,2836.0,4.093369418132611,Very Low,False,False,False
2023,CA,California,Orange,6059,3135755,11,1.0,-1.2306623170155264,2837.0,4.059539918809202,Very Low,False,False,False
2023,CO,Colorado,Chaffee,8015,20617,11,1.0,-1.231151713968148,2838.0,4.025710419485792,Very Low,False,False,False
2023,MN,Minnesota,Dakota,27037,447440,11,1.0,-1.2324418340870198,2839.0,3.9918809201623815,Very Low,False,False,False
2023,WA,Washington,Snohomish,53061,844761,11,1.0,-1.234366688636275,2840.0,3.958051420838971,Very Low,False,False,False
2023,VT,Vermont,Washington,50023,60142,11,1.0,-1.2354982913295638,2841.0,3.924221921515562,Very Low,False,False,False
2023,CA,California,Contra Costa,6013,1155025,11,1.0,-1.2479369386070371,2842.0,3.890392422192152,Very Low,False,False,False
2023,SD,South Dakota,Union,46127,17183,11,1.0,-1.2486090049809773,2843.0,3.856562922868741,Very Low,False,False,False
2023,MA,Massachusetts,Hampshire,25015,162502,11,1.0,-1.2500158754202582,2844.0,3.822733423545332,Very Low,False,False,False
2023,MN,Minnesota,Scott,27139,155814,11,1.0,-1.252281402125453,2845.0,3.7889039242219216,Very Low,False,False,False
2023,TN,Tennessee,Williamson,47187,264460,11,1.0,-1.2528042077717825,2846.0,3.755074424898512,Very Low,False,False,False
2023,CA,California,El Dorado,6017,192215,11,1.0,-1.2569340578974368,2847.0,3.721244925575101,Very Low,False,False,False
2023,WA,Washington,Island,53029,86267,11,1.0,-1.261113550480793,2848.0,3.687415426251692,Very Low,False,False,False
2023,MI,Michigan,Oakland,26125,1270426,11,1.0,-1.2624426383071488,2849.0,3.653585926928281,Very Low,False,False,False
2023,VA,Virginia,York,51199,70952,11,1.0,-1.2700990567463526,2850.0,3.6197564276048713,Very Low,False,False,False
2023,HI,Hawaii,Maui,15009,164183,11,1.0,-1.2709920023426435,2851.0,3.585926928281461,Very Low,False,False,False
2023,UT,Utah,Utah,49049,719174,11,1.0,-1.2801105542869264,2852.0,3.552097428958052,Very Low,False,False,False
2023,NH,New Hampshire,Grafton,33009,93146,11,1.0,-1.280341995914313,2853.0,3.518267929634641,Very Low,False,False,False
2023,NJ,New Jersey,Mercer,34021,381671,11,1.0,-1.283381744592767,2854.0,3.484438430311231,Very Low,False,False,False
2023,NY,New York,Dutchess,36027,297150,11,1.0,-1.2852587265654831,2855.0,3.450608930987822,Very Low,False,False,False
2023,NJ,New Jersey,Burlington,34005,469167,11,1.0,-1.285977958131726,2856.0,3.416779431664412,Very Low,False,False,False
2023,HI,Hawaii,Kauai,15007,73851,11,1.0,-1.2888636864754692,2857.0,3.3829499323410013,Very Low,False,False,False
2023,CT,Connecticut,Lower Connecticut River Valley,9130,176215,11,1.0,-1.2930319201214304,2858.0,3.349120433017591,Very Low,False,False,False
2023,NH,New Hampshire,Carroll,33003,52448,11,1.0,-1.2937228324583732,2859.0,3.3152909336941816,Very Low,False,False,False
2023,NC,North Carolina,Wake,37183,1190275,11,1.0,-1.2967796442659676,2860.0,3.2814614343707715,Very Low,False,False,False
2023,CO,Colorado,Arapahoe,8005,656061,11,1.0,-1.311832786098351,2861.0,3.247631935047361,Very Low,False,False,False
2023,VA,Virginia,Fairfax,51600,25144,11,1.0,-1.31352435248511,2862.0,3.213802435723951,Very Low,False,False,False
2023,WI,Wisconsin,Dane,55025,575347,11,1.0,-1.3145680927759396,2863.0,3.1799729364005414,Very Low,False,False,False
2023,NJ,New Jersey,Middlesex,34023,863623,11,1.0,-1.3158525863327022,2864.0,3.1461434370771317,Very Low,False,False,False
2023,TX,Texas,Collin,48085,1195359,11,1.0,-1.327496864193404,2865.0,3.112313937753721,Very Low,False,False,False
2023,VT,Vermont,Addison,50001,37720,11,1.0,-1.340685943081563,2866.0,3.078484438430311,Very Low,False,False,False
2023,ID,Idaho,Teton,16081,12549,11,1.0,-1.3407984143350673,2867.0,3.044654939106901,Very Low,False,False,False
2023,ND,North Dakota,Burleigh,38015,100012,11,1.0,-1.3445359476146457,2868.0,3.010825439783491,Very Low,False,False,False
2023,NE,Nebraska,Sarpy,31153,199886,11,1.0,-1.345978678597052,2869.0,2.976995940460081,Very Low,False,False,False
2023,VA,Virginia,Alexandria,51510,155230,11,1.0,-1.3497587104727766,2870.0,2.943166441136671,Very Low,False,False,False
2023,NY,New York,Tompkins,36109,103558,11,1.0,-1.3520005955769303,2871.0,2.9093369418132613,Very Low,False,False,False
2023,MA,Massachusetts,Dukes,25007,20819,11,1.0,-1.366092858465145,2872.0,2.8755074424898512,Very Low,False,False,False
2023,HI,Hawaii,Honolulu,15003,989408,11,1.0,-1.3710667525431324,2873.0,2.841677943166441,Very Low,False,False,False
2023,MA,Massachusetts,Barnstable,25001,231735,11,1.0,-1.3715147137621544,2874.0,2.807848443843031,Very Low,False,False,False
2023,MN,Minnesota,Hennepin,27053,1258713,11,1.0,-1.3749942669731663,2875.0,2.774018944519621,Very Low,False,False,False
2023,RI,Rhode Island,Newport,44005,83832,11,1.0,-1.3778507975139946,2876.0,2.740189445196211,Very Low,False,False,False
2023,NY,New York,Saratoga,36091,238711,11,1.0,-1.3813496715581304,2877.0,2.706359945872801,Very Low,False,False,False
2023,CO,Colorado,San Juan,8111,802,11,1.0,-1.3817090200323443,2878.0,2.672530446549391,Very Low,False,False,False
2023,CO,Colorado,Grand,8049,15935,11,1.0,-1.3881191576548817,2879.0,2.6387009472259813,Very Low,False,False,False
2023,CA,California,Placer,6061,423561,11,1.0,-1.402900165538124,2880.0,2.604871447902571,Very Low,False,False,False
2023,VA,Virginia,Albemarle,51003,115676,11,1.0,-1.408969825833234,2881.0,2.571041948579161,Very Low,False,False,False
2023,FL,Florida,St. Johns,12109,320110,11,1.0,-1.417347460801643,2882.0,2.537212449255751,Very Low,False,False,False
2023,NJ,New Jersey,Sussex,34037,146132,11,1.0,-1.418728550142737,2883.0,2.503382949932341,Very Low,False,False,False
2023,NY,New York,Suffolk,36103,1523170,11,1.0,-1.4235024755996344,2884.0,2.469553450608931,Very Low,False,False,False
2023,NH,New Hampshire,Rockingham,33015,320689,11,1.0,-1.426624739108472,2885.0,2.435723951285521,Very Low,False,False,False
2023,RI,Rhode Island,Bristol,44001,50255,11,1.0,-1.4294022823738926,2886.0,2.401894451962111,Very Low,False,False,False
2023,WI,Wisconsin,Waukesha,55133,412591,11,1.0,-1.4337985704816214,2887.0,2.3680649526387008,Very Low,False,False,False
2023,SD,South Dakota,Lincoln,46083,73238,11,1.0,-1.434731119644204,2888.0,2.334235453315291,Very Low,False,False,False
2023,CO,Colorado,La Plata,8067,56407,11,1.0,-1.4434797189263948,2889.0,2.3004059539918806,Very Low,False,False,False
2023,CO,Colorado,Teller,8119,24617,11,1.0,-1.445718613620507,2890.0,2.266576454668471,Very Low,False,False,False
2023,WI,Wisconsin,Ozaukee,55089,93460,11,1.0,-1.45047472704512,2891.0,2.2327469553450605,Very Low,False,False,False
2023,MN,Minnesota,Washington,27163,278936,11,1.0,-1.454196903605374,2892.0,2.198917456021651,Very Low,False,False,False
2023,RI,Rhode Island,Washington,44009,129982,11,1.0,-1.4564444760758504,2893.0,2.165087956698241,Very Low,False,False,False
2023,IA,Iowa,Dallas,19049,111092,11,1.0,-1.4583316216140256,2894.0,2.1312584573748308,Very Low,False,False,False
2023,CO,Colorado,Mineral,8079,944,11,1.0,-1.4711482346589206,2895.0,2.097428958051421,Very Low,False,False,False
2023,CO,Colorado,Larimer,8069,370771,11,1.0,-1.4822862948955746,2896.0,2.06359945872801,Very Low,False,False,False
2023,CO,Colorado,Lake,8065,7365,11,1.0,-1.490702549749232,2897.0,2.029769959404601,Very Low,False,False,False
2023,CA,California,Alameda,6001,1622188,11,1.0,-1.4944134503944255,2898.0,1.9959404600811907,Very Low,False,False,False
2023,CO,Colorado,Gilpin,8047,5926,11,1.0,-1.503294345337549,2899.0,1.962110960757781,Very Low,False,False,False
2023,IN,Indiana,Hamilton,18057,371645,11,1.0,-1.5034104655613163,2900.0,1.9282814614343704,Very Low,False,False,False
2023,CO,Colorado,Elbert,8039,28806,11,1.0,-1.5176793190885485,2901.0,1.8944519621109608,Very Low,False,False,False
2023,GA,Georgia,Oconee,13219,44182,11,1.0,-1.53121843775994,2902.0,1.8606224627875507,Very Low,False,False,False
2023,DC,District of Columbia,District of Columbia,11001,678972,11,1.0,-1.5329140846532132,2903.0,1.8267929634641409,Very Low,False,False,False
2023,CO,Colorado,Park,8093,18117,11,1.0,-1.5363826289733964,2904.0,1.7929634641407306,Very Low,False,False,False
2023,MT,Montana,Gallatin,30031,126409,11,1.0,-1.5397716584187096,2905.0,1.7591339648173208,Very Low,False,False,False
2023,OH,Ohio,Delaware,39041,231636,11,1.0,-1.5400740986521884,2906.0,1.725304465493911,Very Low,False,False,False
2023,ID,Idaho,Blaine,16013,25041,11,1.0,-1.546412778832743,2907.0,1.6914749661705006,Very Low,False,False,False
2023,WA,Washington,San Juan,53055,18566,11,1.0,-1.563851621170761,2908.0,1.6576454668470908,Very Low,False,False,False
2023,CO,Colorado,Denver,8031,716577,11,1.0,-1.5717311096972688,2909.0,1.6238159675236803,Very Low,False,False,False
2023,MN,Minnesota,Carver,27019,111057,11,1.0,-1.5782570067811363,2910.0,1.589986468200271,Very Low,False,False,False
2023,KS,Kansas,Johnson,20091,622237,11,1.0,-1.5897378642097202,2911.0,1.5561569688768606,Very Low,False,False,False
2023,CO,Colorado,Gunnison,8051,17321,11,1.0,-1.597106383225936,2912.0,1.5223274695534508,Very Low,False,False,False
2023,IL,Illinois,DuPage,17043,921213,11,1.0,-1.5988938467609335,2913.0,1.4884979702300407,Very Low,False,False,False
2023,UT,Utah,Morgan,49029,13000,11,1.0,-1.6004676231759107,2914.0,1.4546684709066309,Very Low,False,False,False
2023,CO,Colorado,Summit,8117,30465,11,1.0,-1.602844076035353,2915.0,1.4208389715832206,Very Low,False,False,False
2023,CT,Connecticut,Western Connecticut,9190,623907,11,1.0,-1.6087228030319232,2916.0,1.3870094722598103,Very Low,False,False,False
2023,CO,Colorado,Eagle,8037,54381,11,1.0,-1.6188575420357936,2917.0,1.3531799729364005,Very Low,False,False,False
2023,NY,New York,Putnam,36079,98060,11,1.0,-1.627857766970659,2918.0,1.3193504736129906,Very Low,False,False,False
2023,NJ,New Jersey,Monmouth,34025,642799,11,1.0,-1.6361858879877296,2919.0,1.2855209742895806,Very Low,False,False,False
2023,MA,Massachusetts,Middlesex,25017,1623952,11,1.0,-1.6467676946281196,2920.0,1.2516914749661705,Very Low,False,False,False
2023,VT,Vermont,Chittenden,50007,169481,11,1.0,-1.647586579491125,2921.0,1.2178619756427604,Very Low,False,False,False
2023,NY,New York,Westchester,36119,990817,11,1.0,-1.6554503244231802,2922.0,1.1840324763193504,Very Low,False,False,False
2023,CO,Colorado,San Miguel,8113,7868,11,1.0,-1.6608596892953946,2923.0,1.1502029769959403,Very Low,False,False,False
2023,GA,Georgia,Forsyth,13117,272887,11,1.0,-1.6643454446215555,2924.0,1.1163734776725305,Very Low,False,False,False
2023,CO,Colorado,Jefferson,8059,576366,11,1.0,-1.6739365321550004,2925.0,1.0825439783491204,Very Low,False,False,False
2023,MD,Maryland,Montgomery,24031,1058474,11,1.0,-1.6923279261103603,2926.0,1.0487144790257106,Very Low,False,False,False
2023,CO,Colorado,Routt,8107,25064,11,1.0,-1.6927850510343154,2927.0,1.0148849797023003,Very Low,False,False,False
2023,UT,Utah,Wasatch,49051,37144,11,1.0,-1.698471971846608,2928.0,0.9810554803788905,Very Low,False,False,False
2023,MA,Massachusetts,Norfolk,25021,727473,11,1.0,-1.700239744197677,2929.0,0.9472259810554804,Very Low,False,False,False
2023,MA,Massachusetts,Nantucket,25019,14444,11,1.0,-1.7091792578132454,2930.0,0.9133964817320704,Very Low,False,False,False
2023,CO,Colorado,Clear Creek,8019,9147,11,1.0,-1.717244478287004,2931.0,0.8795669824086604,Very Low,False,False,False
2023,CA,California,Marin,6041,254407,11,1.0,-1.7176151200685033,2932.0,0.8457374830852503,Very Low,False,False,False
2023,NY,New York,Nassau,36059,1381715,11,1.0,-1.7196170639734414,2933.0,0.8119079837618403,Very Low,False,False,False
2023,CA,California,Santa Clara,6085,1877592,11,1.0,-1.7224401438809096,2934.0,0.7780784844384303,Very Low,False,False,False
2023,NJ,New Jersey,Bergen,34003,957736,11,1.0,-1.7243829978827192,2935.0,0.7442489851150204,Very Low,False,False,False
2023,VA,Virginia,Loudoun,51107,436347,11,1.0,-1.726366380086104,2936.0,0.7104194857916103,Very Low,False,False,False
2023,NY,New York,New York,36061,1597451,11,1.0,-1.732023771276716,2937.0,0.6765899864682002,Very Low,False,False,False
2023,MD,Maryland,Howard,24027,336001,11,1.0,-1.7383265223571316,2938.0,0.6427604871447903,Very Low,False,False,False
2023,CA,California,San Mateo,6081,726353,11,1.0,-1.764943920701466,2939.0,0.6089309878213802,Very Low,False,False,False
2023,VA,Virginia,Fairfax,51059,1141878,11,1.0,-1.7698494378225065,2940.0,0.5751014884979702,Very Low,False,False,False
2023,CO,Colorado,Ouray,8091,5176,11,1.0,-1.7762431842745,2941.0,0.5412719891745602,Very Low,False,False,False
2023,CA,California,San Francisco,6075,808988,11,1.0,-1.7975345941024854,2942.0,0.5074424898511503,Very Low,False,False,False
2023,CO,Colorado,Hinsdale,8053,765,11,1.0,-1.8219126478236192,2943.0,0.4736129905277402,Very Low,False,False,False
2023,NJ,New Jersey,Hunterdon,34019,130183,11,1.0,-1.832554974270119,2944.0,0.4397834912043302,Very Low,False,False,False
2023,WA,Washington,King,53033,2271380,11,1.0,-1.8597043682186525,2945.0,0.4059539918809201,Very Low,False,False,False
2023,NJ,New Jersey,Somerset,34035,348842,11,1.0,-1.87085344251521,2946.0,0.3721244925575102,Very Low,False,False,False
2023,WY,Wyoming,Teton,56039,23232,11,1.0,-1.8897328359460344,2947.0,0.3382949932341001,Very Low,False,False,False
2023,VA,Virginia,Arlington,51013,234162,11,1.0,-1.9159845879117705,2948.0,0.3044654939106901,Very Low,False,False,False
2023,CO,Colorado,Boulder,8013,326831,11,1.0,-1.9166530860923816,2949.0,0.2706359945872801,Very Low,False,False,False
2023,NJ,New Jersey,Morris,34027,514423,11,1.0,-1.9692836463071115,2950.0,0.2368064952638701,Very Low,False,False,False
2023,UT,Utah,Summit,49043,42759,11,1.0,-1.9700704606295083,2951.0,0.20297699594046,Very Low,False,False,False
2023,CO,Colorado,Broomfield,8014,76860,11,1.0,-1.9756903671083577,2952.0,0.16914749661705,Very Low,False,False,False
2023,VA,Virginia,Falls Church,51610,14685,11,1.0,-1.9766158529641809,2953.0,0.13531799729364,Very Low,False,False,False
2023,CO,Colorado,Douglas,8035,383906,11,1.0,-2.017730436371701,2954.0,0.10148849797023,Very Low,False,False,False
2023,CO,Colorado,Pitkin,8097,16640,11,1.0,-2.026000639272793,2955.0,0.06765899864682,Very Low,False,False,False
2023,NM,New Mexico,Los Alamos,35028,19444,11,1.0,-2.1101792052851707,2956.0,0.03382949932341,Very Low,False,False,False
